agency_raw,key,display,parent
Adani Airport Holdings Limited,adani airport holdings limited,Adani Airport Holdings Limited,
Adani Transmission Limited,adani transmission limited,Adani Transmission Limited,
Airport Authority of India [AAI],AAI,Airport Authority of India [AAI],
BCCL - CIL,BCCL,Bharat Coking Coal Limited [BCCL],CIL
BSNL,BSNL,BSNL,
Banaras Hindu University,banaras hindu university,Banaras Hindu University,
Bengaluru Metro Rail,bengaluru metro rail,Bengaluru Metro Rail,
Bharat Coking Coal Limited (BCCL),BCCL,Bharat Coking Coal Limited [BCCL],CIL
Bharat Coking Coal Limited [BCCL],BCCL,Bharat Coking Coal Limited [BCCL],CIL
Bharat Petroleum Corporation Limited [BPCL],BPCL,Bharat Petroleum Corporation Limited [BPCL],
CAO/C-1/NFR NFR mor,cao c 1 nfr nfr mor,CAO/C-1/NFR NFR mor,
CAO/C-II/NFR NFR mor,cao c ii nfr nfr mor,CAO/C-II/NFR NFR mor,
CAO/C-II/NR NR mor,cao c ii nr nr mor,CAO/C-II/NR NR mor,
CAO/C-III/NFR NFR mor,cao c iii nfr nfr mor,CAO/C-III/NFR NFR mor,
CAO/C/ECOR ECoR mor,cao c ecor ecor mor,CAO/C/ECOR ECoR mor,
CAO/C/II/NR,cao c ii nr,CAO/C/II/NR,
CAO/C/NCR,cao c ncr,CAO/C/NCR,
CAO/C/NCR NCR mor,cao c ncr ncr mor,CAO/C/NCR NCR mor,
CAO/C/NR,cao c nr,CAO/C/NR,
CAO/C/SCoR SCoR mor,cao c scor scor mor,CAO/C/SCoR SCoR mor,
CAO/C/SECR,cao c secr,CAO/C/SECR,
CAO/C/SER,cao c ser,CAO/C/SER,
CAO/C/SER SER mor,cao c ser ser mor,CAO/C/SER SER mor,
CAO/CN/ERS SR mor,cao cn ers sr mor,CAO/CN/ERS SR mor,
CAO/Con/North/MHX ECR mor,cao con north mhx ecr mor,CAO/Con/North/MHX ECR mor,
CAO/Con/South/MHX ECR mor,cao con south mhx ecr mor,CAO/Con/South/MHX ECR mor,
CAOC/CR CR mor,caoc cr cr mor,CAOC/CR CR mor,
CAOC/ER ER mor,caoc er er mor,CAOC/ER ER mor,
CAOC/NER NER mor,caoc ner ner mor,CAOC/NER NER mor,
CAOC/NR NR mor,caoc nr nr mor,CAOC/NR NR mor,
CAOC/NWR NWR mor,caoc nwr nwr mor,CAOC/NWR NWR mor,
CAOC/SECR SECR mor,caoc secr secr mor,CAOC/SECR SECR mor,
CAOC/SR SR mor,caoc sr sr mor,CAOC/SR SR mor,
CAOC/SWR SWR mor,caoc swr swr mor,CAOC/SWR SWR mor,
CAOCON/SCR SCR mor,caocon scr scr mor,CAOCON/SCR SCR mor,
CAOCWR WR mor,caocwr wr mor,CAOCWR WR mor,
CCL - CIL,CCL,CCL - CIL,CIL
CE/C-4/WCR WCR mor,ce c 4 wcr wcr mor,CE/C-4/WCR WCR mor,
CGM/CIVIL ECR mor,cgm civil ecr mor,CGM/CIVIL ECR mor,
CMD / RVNL RVNL mor,cmd rvnl rvnl mor,CMD / RVNL RVNL mor,
CONSTRUCTION / NE-RAILWAY,construction ne railway,CONSTRUCTION / NE-RAILWAY,
CPM/GS/SBC SWR mor,cpm gs sbc swr mor,CPM/GS/SBC SWR mor,
CPM/ICF,cpm icf,CPM/ICF,
CPM/Kota WCR mor,cpm kota wcr mor,CPM/Kota WCR mor,
CSPCC Projects,cspcc projects,CSPCC Projects,
Central Organisation for Railway Electrification (CORE),CORE,Central Organisation for Railway Electrification [CORE],
Central Organisation for Railway Electrification [CORE],CORE,Central Organisation for Railway Electrification [CORE],
Central Public Works Department - CPWD,central public works department cpwd,Central Public Works Department - CPWD,
Central Public Works Department [CPWD],CPWD,Central Public Works Department [CPWD],
Central Railway,central railway,Central Railway,
Central Railway [CR] - II,central railway cr ii,Central Railway [CR] - II,
Central Railways,central railways,Central Railways,
Central Tribal University of Andhra Pradesh,central tribal university of andhra pradesh,Central Tribal University of Andhra Pradesh,
Central University of Gujarat,central university of gujarat,Central University of Gujarat,
Central University of Punjab,central university of punjab,Central University of Punjab,
"Central University, Himachal Pradesh",central university himachal pradesh,"Central University, Himachal Pradesh",
CentralRailway,centralrailway,CentralRailway,
Chennai Metro Rail Limited [CMRL],CMRL,Chennai Metro Rail Limited [CMRL],
Chennai Petroleum Corporation Limited [CPCL],CPCL,Chennai Petroleum Corporation Limited [CPCL],
Construction NER,construction ner,Construction NER,
DFCCIL,DFCCIL,DFCCIL,
Damodar Valley Corporation,damodar valley corporation,Damodar Valley Corporation,
Deendayal Port Trust,DPT,Deendayal Port Trust [DPT],
Deendayal Port Trust [DPT],DPT,Deendayal Port Trust [DPT],
Delhi Metro Rail Corporation Limited [DMRC],DMRC,Delhi Metro Rail Corporation Limited [DMRC],
Delhi University,delhi university,Delhi University,
Department of Sports & Youth Affairs,department of sports and youth affairs,Department of Sports & Youth Affairs,
Department of Telecommunications,DOT,Department of Telecommunications [DoT],
Department of Telecommunications [DoT],DOT,Department of Telecommunications [DoT],
"Department of Water Resources, River Development & GR",department of water resources river development and gr,"Department of Water Resources, River Development & GR",
"Department of Water Resources, River Development,",department of water resources river development,"Department of Water Resources, River Development,",
Department of Water Resources-JH,department of water resources jh,Department of Water Resources-JH,
Department of Water Resources-MH,department of water resources mh,Department of Water Resources-MH,
Department of Water Resources-PB,department of water resources pb,Department of Water Resources-PB,
Department of water resources-MH - II,department of water resources mh ii,Department of water resources-MH - II,
ECL - CIL,ECL,Eastern Coal Fields Limited [ECL],CIL
East Central Railway [ECR] - I,east central railway ecr i,East Central Railway [ECR] - I,
East Coast Railway [ECoR] - II,east coast railway ecor ii,East Coast Railway [ECoR] - II,
Eastern Coal Fields Limited [ECL],ECL,Eastern Coal Fields Limited [ECL],CIL
Eastern Railway [ER] - I,eastern railway er i,Eastern Railway [ER] - I,
Employee's State Insurance Company [ESIC],ESIC,Employee's State Insurance Company [ESIC],
GAIL Gas,gail gas,GAIL Gas,
GM IRCON KATNI WCR mor,gm ircon katni wcr mor,GM IRCON KATNI WCR mor,
GM/C/ NFR,gm c nfr,GM/C/ NFR,
Gas Authority of India Limited [GAIL],GAIL,Gas Authority of India Limited [GAIL],
Gujarat Metro Rail Corporation Limited [GMRCL],GMRCL,Gujarat Metro Rail Corporation Limited [GMRCL],
Gurugram Metro Rail Limited [GMRL],GMRL,Gurugram Metro Rail Limited [GMRL],
Hindustan Copper Limited [HCL],HCL,Hindustan Copper Limited [HCL],
Hindustan Petroleum Corporation Limited,HPCL,Hindustan Petroleum Corporation Limited [HPCL],
Hindustan Petroleum Corporation Limited [HPCL],HPCL,Hindustan Petroleum Corporation Limited [HPCL],
INDIAN INSTITUTE OF TECHNOLOGY PALAKKAD,indian institute of technology palakkad,INDIAN INSTITUTE OF TECHNOLOGY PALAKKAD,
INVALID CO.,invalid co,INVALID CO.,
IOCL,IOCL,Indian Oil Corporation Limited [IOCL],
Indian Institute of Management Mumbai,indian institute of management mumbai,Indian Institute of Management Mumbai,
"Indian Institute of Management, Jammu",indian institute of management jammu,"Indian Institute of Management, Jammu",
"Indian Institute of Management, Sirmaur",indian institute of management sirmaur,"Indian Institute of Management, Sirmaur",
"Indian Institute of Technology, Bhilai",indian institute of technology bhilai,"Indian Institute of Technology, Bhilai",
"Indian Institute of Technology, Bhubaneshwar",indian institute of technology bhubaneshwar,"Indian Institute of Technology, Bhubaneshwar",
"Indian Institute of Technology, Gandhinagar",indian institute of technology gandhinagar,"Indian Institute of Technology, Gandhinagar",
"Indian Institute of Technology, Hyderabad",indian institute of technology hyderabad,"Indian Institute of Technology, Hyderabad",
"Indian Institute of Technology, Indore",indian institute of technology indore,"Indian Institute of Technology, Indore",
"Indian Institute of Technology, Jodhpur",indian institute of technology jodhpur,"Indian Institute of Technology, Jodhpur",
"Indian Institute of Technology, Kharagpur",indian institute of technology kharagpur,"Indian Institute of Technology, Kharagpur",
"Indian Institute of Technology, Mandi",indian institute of technology mandi,"Indian Institute of Technology, Mandi",
"Indian Institutes of Science Education and Research, Behrampur",indian institutes of science education and research behrampur,"Indian Institutes of Science Education and Research, Behrampur",
Indian Oil Corporation Limited [IOCL],IOCL,Indian Oil Corporation Limited [IOCL],
Indian Port Rail & Ropeway Corporation Ltd. [IPRCL],IPRCL,Indian Port Rail & Ropeway Corporation Ltd. [IPRCL],
Indian Railway,indian railway,Indian Railway,
Indian Railway Construction International Limited [IRCON],IRCON,Indian Railway Construction International Limited [IRCON],
"Indian intitue of Management, Amritsar",indian intitue of management amritsar,"Indian intitue of Management, Amritsar",
Indradhanush Gas Grid Limited,indradhanush gas grid limited,Indradhanush Gas Grid Limited,
Inland Waterways Authority of India [IWAI],IWAI,Inland Waterways Authority of India [IWAI],
Irrigation & Water Resources-UP,irrigation and water resources up,Irrigation & Water Resources-UP,
Irrigation and CAD-TG,irrigation and cad tg,Irrigation and CAD-TG,
Irrigation-UK,IRRIGATION,Irrigation-UK,
Jaipur Metro Rail Corporation,jaipur metro rail corporation,Jaipur Metro Rail Corporation,
Karnataka Rail Infrastructure Development Company Limited [K-RIDE],K-RIDE,Karnataka Rail Infrastructure Development Company Limited [K-RIDE],
M.D/KRIDE SWR mor,m d kride swr mor,M.D/KRIDE SWR mor,
M/S SRC company Infra Private Limited,m s src company infra private limited,M/S SRC company Infra Private Limited,
MCL - CIL,MCL,Mahanadi Coalfields Limited [MCL],CIL
MIS MoCoal Integration Logins,mis mocoal integration logins,MIS MoCoal Integration Logins,
MOIL Limited,moil limited,MOIL Limited,
MORTH,MORTH,MoRTH,
MRIDC,MRIDC,MRIDC,
Madhya Pradesh Metro Rail Co Limited [MPMRCL],MPMRCL,Madhya Pradesh Metro Rail Co Limited [MPMRCL],
Mahanadi Coalfields Limited [MCL],MCL,Mahanadi Coalfields Limited [MCL],CIL
Maharashtra Metro Rail Corporation Limited [MMRCL],MMRCL,Maharashtra Metro Rail Corporation Limited [MMRCL],
Mangalore Refinary and Petrochemicals Limited,mangalore refinary and petrochemicals limited,Mangalore Refinary and Petrochemicals Limited,
Mangalore Refinery and Petrochemicals Limited,mangalore refinery and petrochemicals limited,Mangalore Refinery and Petrochemicals Limited,
"Medical Education, Ministry of Health and Family Welfare",medical education ministry of health and family welfare,"Medical Education, Ministry of Health and Family Welfare",
"Metro Railway, Kolkata",metro railway kolkata,"Metro Railway, Kolkata",
Ministry of Coal,ministry of coal,Ministry of Coal,
Ministry of Health and Family Welfare,ministry of health and family welfare,Ministry of Health and Family Welfare,
Ministry of Housing & Urban Affairs,ministry of housing and urban affairs,Ministry of Housing & Urban Affairs,
Ministry of Petroleum & Natural Gas,ministry of petroleum and natural gas,Ministry of Petroleum & Natural Gas,
Ministry of Petroleum and Natural Gas,ministry of petroleum and natural gas,Ministry of Petroleum & Natural Gas,
Ministry of Railways,ministry of railways,Ministry of Railways,
Ministry of Railways-,ministry of railways,Ministry of Railways,
MinistryofPetroleumNaturalGas,ministryofpetroleumnaturalgas,MinistryofPetroleumNaturalGas,
MoRTH,MORTH,MoRTH,
Mumbai Metro Rail Corporation Limited [MMRC],MMRC,Mumbai Metro Rail Corporation Limited [MMRC],
Mumbai Rail Vikas Corporation Ltd.[MRVC],MRVC,Mumbai Rail Vikas Corporation Ltd. [MRVC],
NCL - CIL,NCL,Northern Coalfields Limited [NCL],CIL
NER,NER,North Eastern Railway [NER],
NHAI,NHAI,National Highways Authority of India [NHAI],
NHIDCL,NHIDCL,National Highways & Infrastructure Development Corporation Ltd. [NHIDCL],
NICDC,NICDC,NICDC,
NIT Mizoram,nit mizoram,NIT Mizoram,
NIT Nagaland,nit nagaland,NIT Nagaland,
NIT Patna,nit patna,NIT Patna,
NIT Rourkela,nit rourkela,NIT Rourkela,
NIT Sikkim,nit sikkim,NIT Sikkim,
NLC India Limited,NLCIL,NLC India Limited [NLCIL],
NLC India Limited [NLCIL],NLCIL,NLC India Limited [NLCIL],
NMCG1,nmcg1,NMCG1,
NRL,NRL,NRL,
"Narmada and Water Resources, Water Supply and Kalpsar Department-GJ",narmada and water resources water supply and kalpsar department gj,"Narmada and Water Resources, Water Supply and Kalpsar Department-GJ",
National Aluminium Company Limited [NALCO],NALCO,National Aluminium Company Limited [NALCO],
National Buildings Construction Corporation [NBCC],NBCC,National Buildings Construction Corporation [NBCC],
National Communication Academy - Finance [Erstwhile NICF],ERSTWHILENICF,National Communication Academy - Finance [ErstwhileNICF],
National High Speed Rail Corporation [NHSRC],NHSRC,National High Speed Rail Corporation [NHSRC],
National Highways & Infrastructure Development Corporation Ltd. [NHIDCL],NHIDCL,National Highways & Infrastructure Development Corporation Ltd. [NHIDCL],
National Highways Authority of India [NHAI],NHAI,National Highways Authority of India [NHAI],
National Hydroelectric Power Corporation Limited [NHPC],NHPC,National Hydroelectric Power Corporation Limited [NHPC],
National Industrial Corridor Development Corporation,national industrial corridor development corporation,National Industrial Corridor Development Corporation,
National Institute of Technology Delhi,national institute of technology delhi,National Institute of Technology Delhi,
National Institute of Technology Uttarakhand,national institute of technology uttarakhand,National Institute of Technology Uttarakhand,
"National Institute of Technology, Arunachal Pradesh",national institute of technology arunachal pradesh,"National Institute of Technology, Arunachal Pradesh",
"National Institute of Technology, Meghalaya",national institute of technology meghalaya,"National Institute of Technology, Meghalaya",
"National Institute of Technology, Puducherry",national institute of technology puducherry,"National Institute of Technology, Puducherry",
National Mineral Development Corporation Limited [NMDC],NMDC,National Mineral Development Corporation Limited [NMDC],
National Mission for Clean Ganga,national mission for clean ganga,National Mission for Clean Ganga,
National Thermal Power Corporation [NTPC],NTPC,National Thermal Power Corporation [NTPC],
New Mangalore Port Authority,new mangalore port authority,New Mangalore Port Authority,
Noida Metro Rail Corporation Ltd. [NMRCL],NMRCL,Noida Metro Rail Corporation Ltd. [NMRCL],
North Central Railway,north central railway,North Central Railway,
North Central Railway [NCR] - II,north central railway ncr ii,North Central Railway [NCR] - II,
North Eastern Electric Power Corporation Limited,north eastern electric power corporation limited,North Eastern Electric Power Corporation Limited,
North Eastern Railway [NER],NER,North Eastern Railway [NER],
North Western Railway [NWR],NWR,North Western Railway [NWR],
Northeast Frontier Railway [NFR],NFR,Northeast Frontier Railway [NFR],
Northeast Frontier Railway [NFR] - II,northeast frontier railway nfr ii,Northeast Frontier Railway [NFR] - II,
Northen Railway [NR],NR,Northen Railway [NR],
Northern Coalfields Limited [NCL],NCL,Northern Coalfields Limited [NCL],CIL
Northern Railways,northern railways,Northern Railways,
Numaligarh Refinery Limited,numaligarh refinery limited,Numaligarh Refinery Limited,
Oil India Limited,oil india limited,Oil India Limited,
Oil and Natural Gas Corporation Limited [ONGC],ONGC,Oil and Natural Gas Corporation Limited [ONGC],
PCE/NCR,pce ncr,PCE/NCR,
PCE/WR,pce wr,PCE/WR,
PMSSY AND Institute of NATIONAL Importance,pmssy and institute of national importance,PMSSY AND Institute of NATIONAL Importance,
Paradip Port Trust [PPT],PPT,Paradip Port Trust [PPT],
Patna Metro Rail Corporation Ltd. [PMRCL],PMRCL,Patna Metro Rail Corporation Ltd. [PMRCL],
Power Grid Corporation of India Limited [POWERGRID],POWERGRID,Power Grid Corporation of India Limited [POWERGRID],
RCIL,RCIL,RCIL,
RVNL,RVNL,RVNL - II,
RVNL - I,rvnl i,RVNL - I,
RVNL - II,RVNL,RVNL - II,
Rail Land Development Authority,rail land development authority,Rail Land Development Authority,
Rail Vikas Nigam Limited,rail vikas nigam limited,Rail Vikas Nigam Limited,
Railway,railway,Railway,
Rajasthan Metro Rail Corporation,rajasthan metro rail corporation,Rajasthan Metro Rail Corporation,
Reliance Industries Ltd,reliance industries ltd,Reliance Industries Ltd,
SECL - CIL,SECL,South Eastern Coalfields Limited [SECL],CIL
SECR,SECR,SECR,
SJVN Limited,sjvn limited,SJVN Limited,
SR-ERS,SR,SR-ERS,ERS
Satluj Jal Vidyut Nigam [SJVN] Thermal Limited,satluj jal vidyut nigam sjvn thermal limited,Satluj Jal Vidyut Nigam [SJVN] Thermal Limited,
Sikkim University,sikkim university,Sikkim University,
Singareni Collieries Company Limited [SCCL],SCCL,Singareni Collieries Company Limited [SCCL],
South Central Railway [SCR] - II,south central railway scr ii,South Central Railway [SCR] - II,
South East Central Railway,south east central railway,South East Central Railway,
South East Central Railway [SECR] - II,south east central railway secr ii,South East Central Railway [SECR] - II,
South Eastern Central Railway,south eastern central railway,South Eastern Central Railway,
South Eastern Coalfields Limited [SECL],SECL,South Eastern Coalfields Limited [SECL],CIL
South Eastern Railway - JH,south eastern railway jh,South Eastern Railway - JH,
South Eastern Railway [SER] - I,south eastern railway ser i,South Eastern Railway [SER] - I,
South Western Railway [SWR] - II,south western railway swr ii,South Western Railway [SWR] - II,
Southern Railway [SR] - I,southern railway sr i,Southern Railway [SR] - I,
Steel Authority of India Limited (SAIL),SAIL,Steel Authority of India Limited [SAIL],
Steel Authority of India Limited [SAIL],SAIL,Steel Authority of India Limited [SAIL],
Sterlite Power,sterlite power,Sterlite Power,
Syama Prasad Mookerjee Port Kolkata,syama prasad mookerjee port kolkata,Syama Prasad Mookerjee Port Kolkata,
THDC India Limited,thdc india limited,THDC India Limited,
Tezpur University,tezpur university,Tezpur University,
Uttar Pradesh metro rail corporation [UPMRC],UPMRC,Uttar Pradesh metro rail corporation [UPMRC],
WCL - CIL,WCL,Western Coalfields Limited [WCL],CIL
WPO/Patna,wpo patna,WPO/Patna,
Water Resources Department-MN,water resources department mn,Water Resources Department-MN,
Water Resources-AP,water resources ap,Water Resources-AP,
Water Resources-CT,water resources ct,Water Resources-CT,
Water Resources-KA,water resources ka,Water Resources-KA,
Water Resources-MP,water resources mp,Water Resources-MP,
Water Resources-OR,water resources or,Water Resources-OR,
Water resource-mp,water resource mp,Water resource-mp,
West Central Railway [WCR] - II,west central railway wcr ii,West Central Railway [WCR] - II,
Western Coalfields Limited [WCL],WCL,Western Coalfields Limited [WCL],CIL
Western Railway,western railway,Western Railway,
Western Railway WR - II,western railway wr ii,Western Railway [WR] - II,
Western Railway [WR] - II,western railway wr ii,Western Railway [WR] - II,
ministry of housing and urban affairs,ministry of housing and urban affairs,Ministry of Housing & Urban Affairs,
