project_code,project_name,agency_raw,legacy_ocms_code,pmg_id,name_parse_method,state_label,states,date_of_approval,start_date,actual_completion,original_doc,revised_doc,original_cost_cr,revised_cost_cr,cumulative_expenditure_cr,source_month,source_table,source_page,sl_no,ministry,sector,agency_key,agency,agency_parent,ministry_short,hml_category
707267,Upgradation of Sewerage system in Gandhinagar City,ministry of housing and urban affairs,,,color,Gujarat,Gujarat,2020-07-01,2021-03-01,2026-03-01,2023-06-01,,200.0,,100.0,2026-04,Table 3,35,1,Ministry of Housing & Urban Affairs,Waste & Water,ministry of housing and urban affairs,Ministry of Housing & Urban Affairs,,MoHUA,Water & Sanitation
702735,Sewerage Management Scheme Part-3 Implementation,Ministry of Housing & Urban Affairs,,,color,Haryana,Haryana,2017-03-01,2018-10-01,2026-04-01,2023-03-01,2026-04-01,213.19,,180.32,2026-04,Table 3,35,2,Ministry of Housing & Urban Affairs,Waste & Water,ministry of housing and urban affairs,Ministry of Housing & Urban Affairs,,MoHUA,Water & Sanitation
702764,24/7 water supply under AMRUT for Davanagere,Ministry of Housing & Urban Affairs,,,color,Karnataka,Karnataka,2016-11-01,2018-01-01,2026-05-01,2023-03-01,2026-05-01,174.96,,171.6,2026-04,Table 3,35,3,Ministry of Housing & Urban Affairs,Waste & Water,ministry of housing and urban affairs,Ministry of Housing & Urban Affairs,,MoHUA,Water & Sanitation
702798,Jabalpur Sewerage Management and Treatment Infrastructure Project,Ministry of Housing & Urban Affairs,,,color,Madhya Pradesh,Madhya Pradesh,2018-10-01,2017-12-01,2026-04-01,2023-03-01,2026-04-01,362.31,,332.05,2026-04,Table 3,35,4,Ministry of Housing & Urban Affairs,Waste & Water,ministry of housing and urban affairs,Ministry of Housing & Urban Affairs,,MoHUA,Water & Sanitation
612178,"Construction of 100 Bedded ESIC Hospital building and 32 Nos Residential Quarters at Vallam Vadangal, SIPCOT, Sriperumbudur",Employee's State Insurance Company [ESIC],,,color,Tamil Nadu,Tamil Nadu,2015-02-01,2023-03-01,2026-05-01,2025-06-01,2026-05-01,152.95,177.01,130.22,2026-04,Table 3,35,5,Ministry of Labour and Employment,Healthcare,ESIC,Employee's State Insurance Company [ESIC],,MoLE,Social & Commercial
612151,Transmission System for Evacuation of Power from potential Renewable Energy zone in Khavda Area of Gujarat under Phase IV [7 GW] Part E3,Power Grid Corporation of India Limited [POWERGRID],,,color,Gujarat,Gujarat,2023-07-01,2023-07-01,2026-04-01,2025-07-01,2026-04-01,334.0,,334.0,2026-04,Table 3,35,6,Ministry of Power,Transmission & Distribution,POWERGRID,Power Grid Corporation of India Limited [POWERGRID],,MoP,Energy
611951,Transmission system for evacuation of power from REZ in Rajasthan 20GW under Phase-III Part E1,Power Grid Corporation of India Limited [POWERGRID],,,color,Rajasthan,Rajasthan,2021-12-01,2023-08-01,2026-04-01,2025-02-01,2026-04-01,688.74,,688.74,2026-04,Table 3,35,7,Ministry of Power,Transmission & Distribution,POWERGRID,Power Grid Corporation of India Limited [POWERGRID],,MoP,Energy
705503,Pune - Miraj-Londa [467 Kilometres],Central Railway,,,color,Maharashtra,Maharashtra,2016-06-01,2016-06-01,,2025-02-01,2025-08-01,4027.53,4872.52,4924.05,2026-04,Table 3,35,8,Ministry of Railways,Railways,central railway,Central Railway,,MoR,Transport & Logistics
618555,"Flyover at Km.544.650 including ROB, Service Roads ,Footpath for RCC drains on urban link to Nagpur -Raipur road Pardi octroi Naka to Itwari",National Highways Authority of India [NHAI],,,color,Maharashtra,Maharashtra,2015-12-01,2016-03-01,,2019-03-01,2026-04-01,1097.81,758.4,316.23,2026-04,Table 3,35,9,Ministry of Road Transport & Highways,Roads & Highways,NHAI,National Highways Authority of India [NHAI],,MoRTH,Transport & Logistics
612819,300 MW SPP part of 510 MW CPSU scheme,NLC India Limited [NLCIL],,,color,Rajasthan,Rajasthan,2022-07-01,2023-03-01,2026-01-01,2024-09-01,2026-01-01,1813.0,1813.0,1753.07,2026-05,Table 3,35,1,Ministry of Coal,Electricity Generation,NLCIL,NLC India Limited [NLCIL],,MoC,Energy
615327,50 MW Solar PP Minedout Area,NLC India Limited [NLCIL],,,color,Tamil Nadu,Tamil Nadu,2023-08-01,2024-02-01,2026-01-01,2025-03-01,2026-01-01,218.03,,170.13,2026-05,Table 3,35,2,Ministry of Coal,Electricity Generation,NLCIL,NLC India Limited [NLCIL],,MoC,Energy
400259,Ghatampur Thermal Power Plant 3 X 660 MW,NLC India Limited [NLCIL],,,color,Uttar Pradesh,Uttar Pradesh,2016-07-01,2016-08-01,2026-06-01,2020-11-01,2026-06-01,17237.8,21780.9,21287.24,2026-05,Table 3,35,3,Ministry of Coal,Electricity Generation,NLCIL,NLC India Limited [NLCIL],,MoC,Energy
702639,Ahmedabad Metro Rail Project [Phase-I],Gujarat Metro Rail Corporation Limited [GMRCL],,,color,Gujarat,Gujarat,2014-11-01,2015-02-01,2026-05-01,2018-03-01,2026-05-01,10773.0,12924.5,12521.43,2026-05,Table 3,35,4,Ministry of Housing & Urban Affairs,Urban Public Transport,GMRCL,Gujarat Metro Rail Corporation Limited [GMRCL],,MoHUA,Transport & Logistics
702840,Mira-Bhayandar Water Supply Infrastructure Project,Ministry of Housing & Urban Affairs,,,color,Maharashtra,Maharashtra,2016-11-01,2018-08-01,2026-06-01,2023-03-01,2026-06-01,204.55,,193.2,2026-05,Table 3,35,5,Ministry of Housing & Urban Affairs,Waste & Water,ministry of housing and urban affairs,Ministry of Housing & Urban Affairs,,MoHUA,Water & Sanitation
702854,Solapur Sewerage Management Infrastructure Project,Ministry of Housing & Urban Affairs,,,color,Maharashtra,Maharashtra,2017-03-01,2018-04-01,2026-06-01,2023-03-01,2026-06-01,180.24,,172.22,2026-05,Table 3,35,6,Ministry of Housing & Urban Affairs,Waste & Water,ministry of housing and urban affairs,Ministry of Housing & Urban Affairs,,MoHUA,Water & Sanitation
612201,"Construction of 200 bedded ESIC Hospital with 62 Nos Staff quarters , Beltola",Employee's State Insurance Company [ESIC],,,color,Assam,Assam,2017-12-01,2021-10-01,2026-05-01,2025-04-01,2026-06-01,143.23,154.75,130.08,2026-05,Table 3,35,7,Ministry of Labour and Employment,Healthcare,ESIC,Employee's State Insurance Company [ESIC],,MoLE,Social & Commercial
612188,"Construction of 200 Bedded [Upgradable to 500 Bedded including 50 beds of SST] ESIC Hospital at Bibewadi, Pune",Employee's State Insurance Company [ESIC],,,color,Maharashtra,Maharashtra,2018-05-01,2023-03-01,,2025-09-01,2026-08-01,429.25,,341.9,2026-05,Table 3,35,8,Ministry of Labour and Employment,Healthcare,ESIC,Employee's State Insurance Company [ESIC],,MoLE,Social & Commercial
607701,"Guwahati Refinery Expansion [1.0 to 1.2 MMTPA] along with installation of CRU, Guwahati Refinery",Ministry of Petroleum & Natural Gas,,,color,Assam,Assam,2021-05-01,2021-05-01,2026-05-01,2023-10-01,2026-05-01,412.3,577.0,487.31,2026-05,Table 3,35,9,Ministry of Petroleum & Natural Gas,Oil & Gas,ministry of petroleum and natural gas,Ministry of Petroleum & Natural Gas,,MoPNG,Energy
709757,"CGD Project in Banka, Dumka, Godda, Jamtara, Pakur, Sahibganj GA ID 11A.02",Hindustan Petroleum Corporation Limited,,,color,Multi-States,Bihar; Jharkhand,2022-06-01,2022-06-01,2026-05-01,2030-06-01,2026-05-01,1377.0,1377.0,377.51,2026-05,Table 3,35,10,Ministry of Petroleum & Natural Gas,Oil & Gas,HPCL,Hindustan Petroleum Corporation Limited [HPCL],,MoPNG,Energy
701354,Mumbai Nagpur Jharsuguda Pipeline Project,Ministry of Petroleum & Natural Gas,,,color,Multi-States,Chhattisgarh; Madhya Pradesh; Maharashtra; Odisha,2020-06-01,2020-06-01,2026-05-01,2023-05-01,2026-06-01,7844.25,8255.0,7109.3,2026-05,Table 3,35,11,Ministry of Petroleum & Natural Gas,Oil & Gas,ministry of petroleum and natural gas,Ministry of Petroleum & Natural Gas,,MoPNG,Energy
709758,"CGD Project in Malda, Birbhum, Murshidabad, Dakshin Dinajpur GA ID 11A.03",Hindustan Petroleum Corporation Limited,,,color,West Bengal,West Bengal,2022-06-01,2022-06-01,2026-05-01,2030-06-01,2026-05-01,2628.0,2628.0,390.91,2026-05,Table 3,35,12,Ministry of Petroleum & Natural Gas,Oil & Gas,HPCL,Hindustan Petroleum Corporation Limited [HPCL],,MoPNG,Energy
400005,Transmission Network Expansion in Gujarat to increase its ATC from ISTS Part B,Power Grid Corporation of India Limited [POWERGRID],,,color,Multi-States,Dadra & Nagar Haveli and Daman & Diu; Gujarat; Maharashtra,2022-01-01,2022-07-01,2026-05-01,2023-06-01,2026-05-01,4546.26,,4546.26,2026-05,Table 3,35,13,Ministry of Power,Transmission & Distribution,POWERGRID,Power Grid Corporation of India Limited [POWERGRID],,MoP,Energy
611947,Transmission System for Evacuation of Power from REZ in Rajasthan 20GW under Phase III- Part E2,Power Grid Corporation of India Limited [POWERGRID],,,color,Rajasthan,Rajasthan,2023-11-01,2023-11-01,2026-05-01,2025-06-01,2026-06-01,428.3,,428.3,2026-05,Table 3,35,14,Ministry of Power,Transmission & Distribution,POWERGRID,Power Grid Corporation of India Limited [POWERGRID],,MoP,Energy
619137,4L of Dwarka-Khambaliya-Devariya section from km 203.500 to km 176.500 and from km 171.800 to km 125.000 of NH-151A,National Highways Authority of India [NHAI],,,color,Gujarat,Gujarat,2019-01-01,2020-02-01,,2022-08-01,2026-05-01,1024.69,1753.95,885.64,2026-05,Table 3,35,15,Ministry of Road Transport & Highways,Roads & Highways,NHAI,National Highways Authority of India [NHAI],,MoRTH,Transport & Logistics
619070,Tumkur-Chitradurga,National Highways Authority of India [NHAI],,,color,Karnataka,Karnataka,2010-04-01,2011-06-01,,2013-12-01,2026-05-01,839.0,47.44,8.42,2026-05,Table 3,35,16,Ministry of Road Transport & Highways,Roads & Highways,NHAI,National Highways Authority of India [NHAI],,MoRTH,Transport & Logistics
701105,Goa Airport Terminal Building Extension Project,Airport Authority of India [AAI],,,color,Goa,Goa,2017-11-01,2019-12-01,2021-12-01,2026-04-01,,255.69,255.69,161.06,2026-06,Table 3,36,1,Ministry of Civil Aviation,Aviation & Aviation Infrastructure,AAI,Airport Authority of India [AAI],,MoCA,Transport & Logistics
701263,Rajasthan Refinery Project,MinistryofPetroleumNaturalGas,,,color,Rajasthan,Rajasthan,2017-10-01,2017-10-01,2022-10-01,2026-06-01,,43129.0,79459.0,70293.57,2026-06,Table 3,36,2,Ministry of Petroleum & Natural Gas,Energy Storage,ministryofpetroleumnaturalgas,MinistryofPetroleumNaturalGas,,MoPNG,Energy
400035,"Grass Root Rail-fed Depot at Sekerkote, Agartala as resitement of existing Dharmanagar Depot",Indian Oil Corporation Limited [IOCL],,,color,Tripura,Tripura,2022-06-01,2022-06-01,2025-09-01,2026-06-01,,656.0,656.0,546.57,2026-06,Table 3,36,3,Ministry of Petroleum & Natural Gas,Energy Storage,IOCL,Indian Oil Corporation Limited [IOCL],,MoPNG,Energy
709760,HP TDAE Unit in Mumbai Refinery,Hindustan Petroleum Corporation Limited,,,color,Maharashtra,Maharashtra,2024-06-01,2024-06-01,2026-04-01,2026-06-01,,240.0,240.0,160.8,2026-06,Table 3,36,4,Ministry of Petroleum & Natural Gas,Oil & Gas,HPCL,Hindustan Petroleum Corporation Limited [HPCL],,MoPNG,Energy
709782,ATF Pipeline from Jawaharlal Nehru Port Trust to Navi Mumbai International Airport,Indian Oil Corporation Limited [IOCL],,,color,Maharashtra,Maharashtra,2022-08-01,2022-08-01,2025-08-01,2026-06-01,,165.0,165.0,103.36,2026-06,Table 3,36,5,Ministry of Petroleum & Natural Gas,Oil & Gas,IOCL,Indian Oil Corporation Limited [IOCL],,MoPNG,Energy
611967,Transmission Scheme for Solar Energy Zone in Ananthpuram 2500MW and Kurnool 1000MW,Power Grid Corporation of India Limited [POWERGRID],,,color,Andhra Pradesh,Andhra Pradesh,2023-09-01,2023-09-01,2025-09-01,2026-05-01,,823.0,,798.31,2026-06,Table 3,36,6,Ministry of Power,Transmission & Distribution,POWERGRID,Power Grid Corporation of India Limited [POWERGRID],,MoP,Energy
900808,Transmission System for Kurnool Wind Energy Zone/ Solar Energy Zone Part-A and Part-B,Power Grid Corporation of India Limited [POWERGRID],,,color,Multi-States,Telangana; Andhra Pradesh,2022-11-01,2023-03-01,2024-11-01,2026-05-01,,3546.94,,3546.94,2026-06,Table 3,36,7,Ministry of Power,Transmission & Distribution,POWERGRID,Power Grid Corporation of India Limited [POWERGRID],,MoP,Energy
611948,Transmission system for evacuation of power from REZ in Rajasthan 20 GW under Phase-III part H,Power Grid Corporation of India Limited [POWERGRID],,,color,Rajasthan,Rajasthan,2023-10-01,2023-10-01,2025-04-01,2026-06-01,,1910.0,,1910.0,2026-06,Table 3,36,8,Ministry of Power,Transmission & Distribution,POWERGRID,Power Grid Corporation of India Limited [POWERGRID],,MoP,Energy
617907,Rehabilitation and Up-gradation from Km 170700 Bhadrachalam to Km 234567 Konta on NH-30 to Two lane with Paved Shoulder in the State of Andra Pradesh on EPC mode.,MoRTH,,,color,Andhra Pradesh,Andhra Pradesh,2021-12-01,2022-09-01,2024-09-01,2026-04-01,,436.09,,240.15,2026-06,Table 3,36,9,Ministry of Road Transport & Highways,Roads & Highways,MORTH,MoRTH,,MoRTH,Transport & Logistics
617990,Construction of bypass road to Adoni town connecting NH-167 Hagari - Jadcharla road from km.62/700 to 71/400 in Kurnool District in the State of Andhra Pradesh.,MoRTH,,,color,Andhra Pradesh,Andhra Pradesh,2023-03-01,2024-02-01,2025-11-01,2025-11-01,,242.0,,99.13,2026-06,Table 3,36,10,Ministry of Road Transport & Highways,Roads & Highways,MORTH,MoRTH,,MoRTH,Transport & Logistics
618145,Widening to two lane with paved shoulder of Rampachodavaram - Koyyuru section of NH 516E from Km 43700 to Km 113820 in the State of Andhra Pradesh on EPC mode Job No. 737,MoRTH,,,color,Andhra Pradesh,Andhra Pradesh,2022-03-01,2023-01-01,2025-01-01,2026-04-01,,568.12,,324.96,2026-06,Table 3,36,11,Ministry of Road Transport & Highways,Roads & Highways,MORTH,MoRTH,,MoRTH,Transport & Logistics
618161,Widening and Reconstruction of existing road to four lane from Km.56400 to Km 120300 i.e. from B.Kothapalli Junction to Gorantla excluding Kadiri Bypass from Km 70200 to Km 77105 of NH 716G in the State of Andhra Pradesh on EPC mode Job no. 742,MoRTH,,,color,Andhra Pradesh,Andhra Pradesh,2022-03-01,2023-09-01,2025-12-01,2026-03-01,,839.98,,415.11,2026-06,Table 3,36,12,Ministry of Road Transport & Highways,Roads & Highways,MORTH,MoRTH,,MoRTH,Transport & Logistics
618191,"Rehabilitation and upgradation of NH-167AD from Macherla to Dachepalli via Paluvai Junction, Rentachinthala, Gurazala from Km.0.000 to 43.659 to two lane with paved shoulders in the state of Andhra Pradesh job-729",MoRTH,,,color,Andhra Pradesh,Andhra Pradesh,2022-01-01,2023-01-01,2025-01-01,2026-02-01,,403.22,,256.17,2026-06,Table 3,36,13,Ministry of Road Transport & Highways,Roads & Highways,MORTH,MoRTH,,MoRTH,Transport & Logistics
618237,Rehabilitation and Up-gradation of Pasarlapudi to Dhindi section from Km 105/170 to Km 126/510 of NH -214 New NH -216 to two lane with paved shoulder in the state of Andhra Pradesh under NHDP-IV,MoRTH,,,color,Andhra Pradesh,Andhra Pradesh,2017-03-01,2017-09-01,2019-09-01,2026-01-01,,263.45,,158.8,2026-06,Table 3,36,14,Ministry of Road Transport & Highways,Roads & Highways,MORTH,MoRTH,,MoRTH,Transport & Logistics
618258,Two laning with paved shoulders of Gondiguda to Araku uptoBhallaguda section of NH 516E,MoRTH,,,color,Andhra Pradesh,Andhra Pradesh,2020-08-01,2021-09-01,2023-09-01,2025-12-01,,296.66,289.11,275.38,2026-06,Table 3,36,15,Ministry of Road Transport & Highways,Roads & Highways,MORTH,MoRTH,,MoRTH,Transport & Logistics
618259,Two laning with paved shoulders of Paderu to GundigudaSection of NH 516E,MoRTH,,,color,Andhra Pradesh,Andhra Pradesh,2020-08-01,2021-03-01,2023-03-01,2025-10-01,,222.61,,181.04,2026-06,Table 3,36,16,Ministry of Road Transport & Highways,Roads & Highways,MORTH,MoRTH,,MoRTH,Transport & Logistics
618527,Six Laning of Vijayawada Bypass from Gollapudi to Chinnakakani in Vijayawada - Gundugolanu Section from km. 30.00 to km. 47.881 Pkg-IV,NHAI,,,color,Andhra Pradesh,Andhra Pradesh,2020-01-01,2021-07-01,2024-01-01,2026-05-01,,1194.57,1757.82,862.83,2026-06,Table 3,36,17,Ministry of Road Transport & Highways,Roads & Highways,NHAI,National Highways Authority of India [NHAI],,MoRTH,Transport & Logistics
618748,Khammam-Devarapalle Pkg IV [4L Access Controlled Greenfield from Recherla village to Gurvaygudem village Design Chainage 105236 to 132664],NHAI,,,color,Andhra Pradesh,Andhra Pradesh,2020-11-01,2022-09-01,2024-09-01,2026-01-01,,569.37,752.02,499.99,2026-06,Table 3,36,18,Ministry of Road Transport & Highways,Roads & Highways,NHAI,National Highways Authority of India [NHAI],,MoRTH,Transport & Logistics
618919,4L PS from Mandlem Existing Km. 38.000/Design Km.30.600 to Atmakur Existing Km.73.000/Design Km 66.115 of NH340C Package2,NHAI,,,color,Andhra Pradesh,Andhra Pradesh,2023-03-01,2023-11-01,2025-11-01,2025-11-01,,887.28,913.03,550.42,2026-06,Table 3,37,19,Ministry of Road Transport & Highways,Roads & Highways,NHAI,National Highways Authority of India [NHAI],,MoRTH,Transport & Logistics
618576,"6L Standalone Flyovers at Raha, Demow, Borghat, Kathiatali junctions and ROB at Jagiroad on stretches of NH 36 and NH 27",NHAI,,,color,Assam,Assam,2022-03-01,2022-12-01,2024-06-01,2024-10-01,,280.75,255.53,212.27,2026-06,Table 3,37,20,Ministry of Road Transport & Highways,Roads & Highways,NHAI,National Highways Authority of India [NHAI],,MoRTH,Transport & Logistics
618285,Widening/Improvement to 4 -Lane with Paved Shoulder from Ch. 88.000km to Ch.99.930 km Design Ch.84.100km to Ch.96.000 km of Sagunbashi forest near Nichinta to starting of Krishnai Bypass Section of Bilasipura Guwahati road NH 17 on EPC Package-7,NHIDCL,,,color,Assam,Assam,2021-03-01,2023-10-01,2025-10-01,2025-08-01,,286.72,,220.81,2026-06,Table 3,37,21,Ministry of Road Transport & Highways,Roads & Highways,NHIDCL,National Highways & Infrastructure Development Corporation Ltd. [NHIDCL],,MoRTH,Transport & Logistics
618327,Widening/Improvement to 4-Lane with Paved Shoulder from KM 113300 to Km 146230 Design Chainage 113830 to 145712 of Kwaram Taro Village - Dillai Section in Assam on EPC Package-6,NHIDCL,,,color,Assam,Assam,2021-09-01,2022-07-01,2024-07-01,2025-03-01,,625.64,,578.19,2026-06,Table 3,37,22,Ministry of Road Transport & Highways,Roads & Highways,NHIDCL,National Highways & Infrastructure Development Corporation Ltd. [NHIDCL],,MoRTH,Transport & Logistics
618330,Construction of 4/6 Laning from existing Km 159.400 of NH-36 to existing Km 102.500 of NH-39 and upto end point of Assam portion [Design Km 118.050 to design Km 132.375] Total New Alignment length of 14.325 Km of Daboka - Dimapur Section Dimapur Bypass in the state of Assam under SARDP-NE 'Phase-A' on EPC mode Assam Portion,NHIDCL,,,color,Assam,Assam,2018-03-01,2019-11-01,2022-11-01,2025-11-01,,511.02,,671.35,2026-06,Table 3,37,23,Ministry of Road Transport & Highways,Roads & Highways,NHIDCL,National Highways & Infrastructure Development Corporation Ltd. [NHIDCL],,MoRTH,Transport & Logistics
618372,"Widening / Improvement to 4-Lane with Paved Shoulder configuration of existing single lane road from Kachukhana Harichara Paglagaunj to Dhubri - Phulbari Bridge approach Package-II of Srirampur - Dhubri Section of NH-127B from existing Km 28.050 to Km 55.060 Design Km 27.650 to Km 54.154, Design Length26.504 Km under JICA ODA Loan assistance Phase-V [Srirampur - Dhubri Pkg-2]",NHIDCL,,,color,Assam,Assam,2022-03-01,2023-01-01,2025-01-01,2025-06-01,,909.02,,683.81,2026-06,Table 3,37,24,Ministry of Road Transport & Highways,Roads & Highways,NHIDCL,National Highways & Infrastructure Development Corporation Ltd. [NHIDCL],,MoRTH,Transport & Logistics
617959,Rehabilitation & Widening work for 2 Lane with Paved Shoulder of Existing NH-80 from km 70.15 to Km 121.025 of Munger-Suttanganj -BhagatpurMirzachowki section on EPC Mode in the State of Bihar.,MoRTH,,,color,Bihar,Bihar,2021-03-01,2023-02-01,2025-01-01,2025-11-01,,477.54,,343.05,2026-06,Table 3,37,25,Ministry of Road Transport & Highways,Roads & Highways,MORTH,MoRTH,,MoRTH,Transport & Logistics
618570,4L Elevated Highway and at grade improvements at Gopalganj Town from Km. 384.000 to Km. 386.750 on NH-27,NHAI,,,color,Bihar,Bihar,2021-10-01,2022-03-01,2024-08-01,2025-05-01,,325.57,248.92,241.89,2026-06,Table 3,37,26,Ministry of Road Transport & Highways,Roads & Highways,NHAI,National Highways Authority of India [NHAI],,MoRTH,Transport & Logistics
618582,4L of Galgalia - Bahadurganj section from Km 0.000 to Km 49.000 Package-I of NH327E,NHAI,,,color,Bihar,Bihar,2021-01-01,2022-01-01,2024-01-01,2025-02-01,,1282.97,1282.97,816.12,2026-06,Table 3,37,27,Ministry of Road Transport & Highways,Roads & Highways,NHAI,National Highways Authority of India [NHAI],,MoRTH,Transport & Logistics
618583,4L of Bahadurganj Araria section from Km 49.000 to Km 94.000 Package-II of NH-327E,NHAI,,,color,Bihar,Bihar,2021-01-01,2022-01-01,2024-01-01,2025-01-01,,1358.77,1358.77,812.28,2026-06,Table 3,37,28,Ministry of Road Transport & Highways,Roads & Highways,NHAI,National Highways Authority of India [NHAI],,MoRTH,Transport & Logistics
618774,Ara - Mohania Pkg-II,NHAI,,,color,Bihar,Bihar,2020-08-01,2021-01-01,2023-07-01,2025-11-01,,984.63,827.51,798.25,2026-06,Table 3,37,29,Ministry of Road Transport & Highways,Roads & Highways,NHAI,National Highways Authority of India [NHAI],,MoRTH,Transport & Logistics
618779,4L of Aurangabad-Paithan,NHAI,,,color,Bihar,Bihar,2022-09-01,2023-01-01,2024-07-01,2025-12-01,,1505.0,349.96,328.32,2026-06,Table 3,37,30,Ministry of Road Transport & Highways,Roads & Highways,NHAI,National Highways Authority of India [NHAI],,MoRTH,Transport & Logistics
618839,Aunta - Simaria including Ganga Bridge,NHAI,,,color,Bihar,Bihar,2017-01-01,2018-08-01,2022-02-01,2026-03-01,,1309.47,2107.68,1209.46,2026-06,Table 3,37,31,Ministry of Road Transport & Highways,Roads & Highways,NHAI,National Highways Authority of India [NHAI],,MoRTH,Transport & Logistics
618915,4L of Bal. works of Patna - Gaya -Dobhi Pkg-II from km. 39.00 to km. 83.00 of Old NH-83,NHAI,,,color,Bihar,Bihar,2019-09-01,2020-11-01,2022-11-01,2025-05-01,,1637.29,777.2,764.68,2026-06,Table 3,37,32,Ministry of Road Transport & Highways,Roads & Highways,NHAI,National Highways Authority of India [NHAI],,MoRTH,Transport & Logistics
618916,4L of Bal. works of Patna - Gaya -Dobhi Pkg-III from km. 83.00 to km. 127.217 of Old NH-83,NHAI,,,color,Bihar,Bihar,2019-09-01,2020-11-01,2022-11-01,2025-05-01,,1077.46,799.7,803.33,2026-06,Table 3,37,33,Ministry of Road Transport & Highways,Roads & Highways,NHAI,National Highways Authority of India [NHAI],,MoRTH,Transport & Logistics
619320,Muzaffarpur - Sonbarsa Section of NH-77 from km 2.800 to km 89.000,NHAI,,,color,Bihar,Bihar,2011-05-01,2011-05-01,2013-11-01,2026-03-01,,2290.72,2311.1,2308.19,2026-06,Table 3,37,34,Ministry of Road Transport & Highways,Roads & Highways,NHAI,National Highways Authority of India [NHAI],,MoRTH,Transport & Logistics
617973,Strengthening and widening of existing 2 lane road to two lane paved shoulder from km 7.750 to 26.542 & km. 32.093 to 45.786 of NH-130 on EPC mode in the state of chhattisgarh.job No. 130-CG-2017-18-348,MoRTH,,,color,Chhattisgarh,Chhattisgarh,2017-11-01,2019-05-01,2020-11-01,2023-06-01,,188.8,,107.79,2026-06,Table 3,37,35,Ministry of Road Transport & Highways,Roads & Highways,MORTH,MoRTH,,MoRTH,Transport & Logistics
618064,Up-gradation of NH-930 Sherpar to Kohka from Km.67880 to Km.114860 to 2LPS in Chhattisgarh under EPC mode,MoRTH,,,color,Chhattisgarh,Chhattisgarh,2020-03-01,2022-05-01,2024-05-01,2025-12-01,,278.97,,210.82,2026-06,Table 3,37,36,Ministry of Road Transport & Highways,Roads & Highways,MORTH,MoRTH,,MoRTH,Transport & Logistics
618078,Up-gradation of NH-130C Abhanpur to Paund from NH Km. 0000 to KM 40380 to two lane with paved shoulders in the State of Chhattisgarh on EPC mode.,MoRTH,,,color,Chhattisgarh,Chhattisgarh,2020-12-01,2022-03-01,2023-09-01,2025-08-01,,193.16,,116.5,2026-06,Table 3,37,37,Ministry of Road Transport & Highways,Roads & Highways,MORTH,MoRTH,,MoRTH,Transport & Logistics
618849,Conversion of Partially Excavated Escape Tunnel to Uni-Directional 2L Tunnelincluding construction of cross passages and approach roads on either side of the tunnel from Km 12.732 to Km 14.568 of Kiratpur to Nerchowk Section of NH-21,NHAI,,,color,Chhattisgarh,Chhattisgarh,2022-05-01,2022-09-01,2024-03-01,2026-04-01,,444.21,412.88,394.73,2026-06,Table 3,37,38,Ministry of Road Transport & Highways,Roads & Highways,NHAI,National Highways Authority of India [NHAI],,MoRTH,Transport & Logistics
618578,6L Access Controlled Highway from DND Maharani Bagh - Jn. with Jaitpur - Pushta Road of NH-148NA from km. 0.00 to km. 9.00 in NCR,NHAI,,,color,Delhi,Delhi,2020-07-01,2022-01-01,2024-07-01,2026-04-01,,1467.44,2510.34,1652.29,2026-06,Table 3,37,39,Ministry of Road Transport & Highways,Roads & Highways,NHAI,National Highways Authority of India [NHAI],,MoRTH,Transport & Logistics
618464,Vadodara Mumbai Expressway Ena -Kim Phase IB - Pkg VI [Km 217.500 to Km 254.430],NHAI,,,color,Gujarat,Gujarat,2020-05-01,2021-12-01,2023-12-01,2025-06-01,,2271.86,4297.28,2991.42,2026-06,Table 3,38,40,Ministry of Road Transport & Highways,Roads & Highways,NHAI,National Highways Authority of India [NHAI],,MoRTH,Transport & Logistics
618465,Vadodara Mumbai Expressway Gandeva to Ena Phase IB - Pkg VII [Km 190.00 to Km 217.500],NHAI,,,color,Gujarat,Gujarat,2020-07-01,2021-11-01,2023-11-01,2026-01-01,,1710.3,3392.21,2451.01,2026-06,Table 3,38,41,Ministry of Road Transport & Highways,Roads & Highways,NHAI,National Highways Authority of India [NHAI],,MoRTH,Transport & Logistics
618501,Ahmedabad - Dholera Pkg I from km. 0.00 to km. 22.00 [Sardar Patel Ring Road - Sindhrej Village],NHAI,,,color,Gujarat,Gujarat,2020-05-01,2022-01-01,2024-01-01,2026-01-01,,1298.0,1421.05,1385.83,2026-06,Table 3,38,42,Ministry of Road Transport & Highways,Roads & Highways,NHAI,National Highways Authority of India [NHAI],,MoRTH,Transport & Logistics
618502,Ahmedabad - Dholera Pkg II from km. 22.00 to km. 48.52 [Sindhrej Village - Vejallka Village],NHAI,,,color,Gujarat,Gujarat,2020-05-01,2022-01-01,2024-01-01,2026-04-01,,1415.34,1729.69,1785.68,2026-06,Table 3,38,43,Ministry of Road Transport & Highways,Roads & Highways,NHAI,National Highways Authority of India [NHAI],,MoRTH,Transport & Logistics
618614,Sanchore - Santalpur from km 67.000 - km 99.000 of NH-754K AJ-RGBS- Package-3,NHAI,,,color,Gujarat,Gujarat,2020-02-01,2021-08-01,2023-08-01,2024-01-01,,752.3,765.25,601.6,2026-06,Table 3,38,44,Ministry of Road Transport & Highways,Roads & Highways,NHAI,National Highways Authority of India [NHAI],,MoRTH,Transport & Logistics
618699,Pipli Bhavnagar-Package 1 from km 136.025 to km 169.328,NHAI,,,color,Gujarat,Gujarat,2018-03-01,2019-02-01,2021-09-01,2024-03-01,,819.14,1297.38,975.85,2026-06,Table 3,38,45,Ministry of Road Transport & Highways,Roads & Highways,NHAI,National Highways Authority of India [NHAI],,MoRTH,Transport & Logistics
618834,4L Kodinar - Veraval Package VI from km. 222.400 to km. 230.00 Kodinar Bypass of NH-8E NH 51 new,NHAI,,,color,Gujarat,Gujarat,2022-03-01,2022-04-01,2023-09-01,2025-05-01,,162.73,192.01,189.95,2026-06,Table 3,38,46,Ministry of Road Transport & Highways,Roads & Highways,NHAI,National Highways Authority of India [NHAI],,MoRTH,Transport & Logistics
618835,4L of Bal Works of Talaja - Mahuva from 54.990 km. to 100.450 km. of Old NH- 8E Package-II,NHAI,,,color,Gujarat,Gujarat,2020-08-01,2021-03-01,2022-09-01,2024-05-01,,698.4,735.51,726.01,2026-06,Table 3,38,47,Ministry of Road Transport & Highways,Roads & Highways,NHAI,National Highways Authority of India [NHAI],,MoRTH,Transport & Logistics
619067,6L of Chiloda-Naroda section from Km. 540.595 to Km. 555.595 of NH- 8Package-VII,NHAI,,,color,Gujarat,Gujarat,2016-11-01,2017-05-01,2019-05-01,2026-02-01,,356.6,463.03,443.07,2026-06,Table 3,38,48,Ministry of Road Transport & Highways,Roads & Highways,NHAI,National Highways Authority of India [NHAI],,MoRTH,Transport & Logistics
619147,4L of Bal Works of Mahuva to Kagvadar from 100.450 Km. to 140.470 Km. of NH-8E Pkg- III,NHAI,,,color,Gujarat,Gujarat,2020-08-01,2021-03-01,2022-09-01,2024-07-01,,603.08,628.49,624.43,2026-06,Table 3,38,49,Ministry of Road Transport & Highways,Roads & Highways,NHAI,National Highways Authority of India [NHAI],,MoRTH,Transport & Logistics
619148,4L of Bhavnagar - Talaja Package-I from Km. 6.945 to Km. 54.990 of Old NH-8E,NHAI,,,color,Gujarat,Gujarat,2016-03-01,2017-02-01,2019-08-01,2024-06-01,,1185.66,1343.16,1316.53,2026-06,Table 3,38,50,Ministry of Road Transport & Highways,Roads & Highways,NHAI,National Highways Authority of India [NHAI],,MoRTH,Transport & Logistics
618484,Delhi-Amritsar-Katra Expressway Phase-I Pkg-III from Junction with Jind-Panipat road NH-352A near Gangana village to Junction with Jind-Karnal road NH-709A near Alewa village Km 60800 to Km 91400,NHAI,,,color,Haryana,Haryana,2020-12-01,2021-12-01,2023-12-01,2025-11-01,,1606.27,1813.91,1322.85,2026-06,Table 3,38,51,Ministry of Road Transport & Highways,Roads & Highways,NHAI,National Highways Authority of India [NHAI],,MoRTH,Transport & Logistics
618485,Delhi-Amritsar-Katra Expressway Phase-I Pkg-IV from Junction with Jind-Karnal road NH-709A near Alewa village to Junction with Ambala-Kaithal-Hissar road NH-152 near Kharak Pandwa village Km 91400 to Km 120250,NHAI,,,color,Haryana,Haryana,2021-01-01,2021-12-01,2023-12-01,2025-11-01,,1306.95,1578.66,1098.84,2026-06,Table 3,38,52,Ministry of Road Transport & Highways,Roads & Highways,NHAI,National Highways Authority of India [NHAI],,MoRTH,Transport & Logistics
618050,Rehabilitation and Upgradation to 2-lane/Intermediate lane configuration of Ashyari-Shri Kyari Section km 50.000 to km 75.000 of NH-707 in the state of Himachal Pradesh under Green National Highways Corridor Project GNHCP with the loan assistance of World Bank on EPC mode.,MoRTH,,,color,Himachal Pradesh,Himachal Pradesh,2020-08-01,2021-09-01,2023-09-01,2025-12-01,,345.89,359.56,232.82,2026-06,Table 3,38,53,Ministry of Road Transport & Highways,Roads & Highways,MORTH,MoRTH,,MoRTH,Transport & Logistics
618396,Construction & Upgradation to 2 lane with paved shoulder from Design Km. 31.449 Khellani Ex. Km 44.946 to Km 51.700 Prem Nagar Ex. Km 68617 of 20.251 Km length on Khellani - Kishtwar - Chattroo section of NH-244 in the UT of J&K on EPC Mode under NHO-Gen PKG- 1,NHIDCL,,,color,Jammu and Kashmir,Jammu and Kashmir,2021-02-01,2021-03-01,2022-09-01,2024-11-01,,486.45,,300.52,2026-06,Table 3,38,54,Ministry of Road Transport & Highways,Roads & Highways,NHIDCL,National Highways & Infrastructure Development Corporation Ltd. [NHIDCL],,MoRTH,Transport & Logistics
618829,4L from km 196.87 Sankha to km 219.6 Khajuri on NH-75 [Rehla / Garhwa Bypass],NHAI,,,color,Jharkhand,Jharkhand,2020-09-01,2021-10-01,2023-10-01,2025-03-01,,1129.48,1129.48,790.59,2026-06,Table 3,38,55,Ministry of Road Transport & Highways,Roads & Highways,NHAI,National Highways Authority of India [NHAI],,MoRTH,Transport & Logistics
618946,4L of Mehgama - Hansdiha from km. 41.900 to km. 93.000 of NH -133A Pkg-II,NHAI,,,color,Jharkhand,Jharkhand,2022-03-01,2023-05-01,2025-05-01,2026-05-01,,1479.72,1568.18,1034.52,2026-06,Table 3,38,56,Ministry of Road Transport & Highways,Roads & Highways,NHAI,National Highways Authority of India [NHAI],,MoRTH,Transport & Logistics
617954,Balance work of Rehabilitation and upgrading to 2lane/2lane with paved shoulder configuration and strengthening from from Km 343.80 to 400.33 of Gowribidanur- Chik Ballapur section in the state of Karnataka Under Annual Plan 2021-22 under EPC Mode.-952,MoRTH,,,color,Karnataka,Karnataka,2022-03-01,2023-02-01,2025-02-01,2025-10-01,,398.48,,242.02,2026-06,Table 3,38,57,Ministry of Road Transport & Highways,Roads & Highways,MORTH,MoRTH,,MoRTH,Transport & Logistics
618698,Challakere to Hariyur section from km 358.500 to km 414.205 of NH-150 A,NHAI,,,color,Karnataka,Karnataka,2018-03-01,2021-01-01,2023-01-01,2025-12-01,,1167.52,1873.58,1243.48,2026-06,Table 3,38,58,Ministry of Road Transport & Highways,Roads & Highways,NHAI,National Highways Authority of India [NHAI],,MoRTH,Transport & Logistics
619121,4L of Hubli - Hospet Section of NH-63 from Km 128.850 to Km 272.571,NHAI,,,color,Karnataka,Karnataka,2016-07-01,2017-03-01,2020-03-01,2026-03-01,,2531.99,3619.32,3522.85,2026-06,Table 3,38,59,Ministry of Road Transport & Highways,Roads & Highways,NHAI,National Highways Authority of India [NHAI],,MoRTH,Transport & Logistics
619144,Hospet - Chitradurga from km. 299.00 to km. 418.750,NHAI,,,color,Karnataka,Karnataka,2015-03-01,2016-02-01,2018-08-01,2026-06-01,,1519.72,387.48,331.26,2026-06,Table 3,38,60,Ministry of Road Transport & Highways,Roads & Highways,NHAI,National Highways Authority of India [NHAI],,MoRTH,Transport & Logistics
618045,"Construction of Mihona bypass, Lahar bypass, Daboh bypass & Bhander Bypass total length 20.60 km to 2-lane with paved shoulder from on Mihona-Bhander- MP/UP border section of NH 552E in the State of Madhya Pradesh on EPC mode",MoRTH,,,color,Madhya Pradesh,Madhya Pradesh,2022-03-01,2023-06-01,2024-12-01,2025-07-01,,179.18,,74.89,2026-06,Table 3,38,61,Ministry of Road Transport & Highways,Roads & Highways,MORTH,MoRTH,,MoRTH,Transport & Logistics
618625,Indore - Gujarat / MP Border from km. Km 9.500 to Km 171.000 of NH-59 in MP,NHAI,,,color,Madhya Pradesh,Madhya Pradesh,2009-12-01,2010-08-01,2013-02-01,2026-02-01,,1175.0,217.22,191.43,2026-06,Table 3,38,62,Ministry of Road Transport & Highways,Roads & Highways,NHAI,National Highways Authority of India [NHAI],,MoRTH,Transport & Logistics
618665,4L of Sagar - Mohari from Km.8 to Km.50 Pkg-I,NHAI,,,color,Madhya Pradesh,Madhya Pradesh,2021-03-01,2022-04-01,2024-04-01,2026-03-01,,790.78,660.38,555.28,2026-06,Table 3,39,63,Ministry of Road Transport & Highways,Roads & Highways,NHAI,National Highways Authority of India [NHAI],,MoRTH,Transport & Logistics
618695,Indore - Harda Pkg-III [Nanasa to Pidgaon Section from km 95.000 to km 142.445],NHAI,,,color,Madhya Pradesh,Madhya Pradesh,2020-01-01,2021-10-01,2023-10-01,2026-04-01,,1146.22,1240.64,758.23,2026-06,Table 3,39,64,Ministry of Road Transport & Highways,Roads & Highways,NHAI,National Highways Authority of India [NHAI],,MoRTH,Transport & Logistics
618701,Balance work of 4L of Nauradehi Sanctuary de-scoped stretch of Hiran River to Sindoor River from Km. 66.00 to 130.00 NH-12 New NH-45,NHAI,,,color,Madhya Pradesh,Madhya Pradesh,2021-01-01,2021-07-01,2023-07-01,2025-07-01,,178.18,153.15,143.37,2026-06,Table 3,39,65,Ministry of Road Transport & Highways,Roads & Highways,NHAI,National Highways Authority of India [NHAI],,MoRTH,Transport & Logistics
618099,"Rehabilitation & up-gradation for Talere Gaganbawada - kolhapur Road NH 166G stretch start from km. 0/00 to Km. 06/00 and km. 13/00 to km 19/440 of NH-166G, length 12.440 km in the State of Maharashtra.",MoRTH,,,color,Maharashtra,Maharashtra,2024-03-01,2024-10-01,2026-04-01,2025-10-01,,164.13,,115.51,2026-06,Table 3,39,66,Ministry of Road Transport & Highways,Roads & Highways,MORTH,MoRTH,,MoRTH,Transport & Logistics
618468,Vadodara Mumbai Expressway Phase II - Pkg XI [Km. 77.000 to Km. 103.400] Ganjad - Talsari,NHAI,,,color,Maharashtra,Maharashtra,2020-06-01,2022-05-01,2024-05-01,2026-01-01,,1524.71,1913.95,901.76,2026-06,Table 3,39,67,Ministry of Road Transport & Highways,Roads & Highways,NHAI,National Highways Authority of India [NHAI],,MoRTH,Transport & Logistics
618638,Tarsod - Fagne section of NH-6,NHAI,,,color,Maharashtra,Maharashtra,2016-06-01,2019-01-01,2021-07-01,2026-04-01,,2267.99,2560.5,2213.75,2026-06,Table 3,39,68,Ministry of Road Transport & Highways,Roads & Highways,NHAI,National Highways Authority of India [NHAI],,MoRTH,Transport & Logistics
618652,Chakur Loha Section of NH-361 from km 114.600 to km 187.80,NHAI,,,color,Maharashtra,Maharashtra,2018-03-01,2019-03-01,2021-03-01,2026-02-01,,1241.38,3342.11,1717.21,2026-06,Table 3,39,69,Ministry of Road Transport & Highways,Roads & Highways,NHAI,National Highways Authority of India [NHAI],,MoRTH,Transport & Logistics
619209,4L of existing 2/4L stretch from Lonand to Dive Ghat Km 166.400 to Km 220.900 of Mohol Alandi section of NH-965 Pkg - V,NHAI,,,color,Maharashtra,Maharashtra,2021-10-01,2022-05-01,2024-05-01,2026-03-01,,1709.56,2049.51,1295.04,2026-06,Table 3,39,70,Ministry of Road Transport & Highways,Roads & Highways,NHAI,National Highways Authority of India [NHAI],,MoRTH,Transport & Logistics
618341,Up-gradation to 2-lane with paved shoulders of Ngopa - Pawlrang section of NH 102B of Aizawl - Imphal Economic Corridor from Existing Chainage km 32.796 to km 72.030 [Design Chainage km 31.280 to km 68.170] in the State of Mizoram under Bharatmala Pariyojna on EPC mode under NHO-NE Package-2 Keifang- Tuivai Pkg-2,NHIDCL,,,color,Mizoram,Mizoram,2021-09-01,2023-09-01,2025-02-01,2025-06-01,,523.78,,426.69,2026-06,Table 3,39,71,Ministry of Road Transport & Highways,Roads & Highways,NHIDCL,National Highways & Infrastructure Development Corporation Ltd. [NHIDCL],,MoRTH,Transport & Logistics
618381,Widening and up-gradation to 2-lane with paved shoulder configuration and geometric improvements from km 250.00 Lunglei to km 298.00 on Aizawl- Tuipang section under JICA ODA Loan assistance Phase-I Package-6,NHIDCL,,,color,Mizoram,Mizoram,2019-09-01,2019-12-01,2023-06-01,2025-05-01,,768.76,,168.78,2026-06,Table 3,39,72,Ministry of Road Transport & Highways,Roads & Highways,NHIDCL,National Highways & Infrastructure Development Corporation Ltd. [NHIDCL],,MoRTH,Transport & Logistics
618382,Widening and up-gradation to 2-lane with paved shoulder configuration and geometric improvements from km 298.00 to km 339.00 on Aizawl-Tuipang section under JICA ODA Loan assistance Phase-I Package-7,NHIDCL,,,color,Mizoram,Mizoram,2019-09-01,2020-10-01,2024-04-01,2025-05-01,,605.76,750.32,132.33,2026-06,Table 3,39,73,Ministry of Road Transport & Highways,Roads & Highways,NHIDCL,National Highways & Infrastructure Development Corporation Ltd. [NHIDCL],,MoRTH,Transport & Logistics
618384,Widening and Up-gradation to 2- Lane with Paved Shoulder Configuration and geometric improvement from Km. 166. 000 to Km 208.000 Package-4 on Aizawl Tuipang Section of NH-54 in the State of Mizoram Package-4,NHIDCL,,,color,Mizoram,Mizoram,2019-09-01,2019-10-01,2023-04-01,2025-04-01,,899.45,,191.68,2026-06,Table 3,39,74,Ministry of Road Transport & Highways,Roads & Highways,NHIDCL,National Highways & Infrastructure Development Corporation Ltd. [NHIDCL],,MoRTH,Transport & Logistics
618771,6L of Varadharajula to Kumarajapet from km 0.000 to km 43.800 of NH-716B Pkg-I,NHAI,,,color,Multi-States,Andhra Pradesh; Tamil Nadu,2021-02-01,2022-12-01,2024-12-01,2026-02-01,,1924.75,1887.38,1120.2,2026-06,Table 3,39,75,Ministry of Road Transport & Highways,Roads & Highways,NHAI,National Highways Authority of India [NHAI],,MoRTH,Transport & Logistics
618532,6L of Aurangabad to Bihar-Jharkhand border Chordaha section from km. 209.827 to Km. 249.525 of NH-19 PKG-02,NHAI,,,color,Multi-States,Bihar; Jharkhand,2021-06-01,2022-03-01,2024-03-01,2026-04-01,,1822.46,738.11,611.43,2026-06,Table 3,39,76,Ministry of Road Transport & Highways,Roads & Highways,NHAI,National Highways Authority of India [NHAI],,MoRTH,Transport & Logistics
618676,6L of Dhanara - Hatibena Section from Km 124.611 to km 146.50 of NH-130-CD Package OD-1,NHAI,,,color,Multi-States,Chhattisgarh; Odisha,2021-02-01,2022-03-01,2024-03-01,2026-03-01,,477.76,638.32,359.28,2026-06,Table 3,39,77,Ministry of Road Transport & Highways,Roads & Highways,NHAI,National Highways Authority of India [NHAI],,MoRTH,Transport & Logistics
618515,6L from Belgaum to Sankeshwar Bypass from Km. 515.000 to Km. 555.017 of NH-48 Pkg-I,NHAI,,,color,Multi-States,Maharashtra; Karnataka,2021-11-01,2022-10-01,2025-04-01,2026-03-01,,1479.3,1237.04,1199.4,2026-06,Table 3,39,78,Ministry of Road Transport & Highways,Roads & Highways,NHAI,National Highways Authority of India [NHAI],,MoRTH,Transport & Logistics
618624,Mangloor to Telangana Maharashtra Border,NHAI,,,color,Multi-States,Maharashtra; Telangana,2018-03-01,2019-04-01,2021-04-01,2025-10-01,,1082.65,1323.12,1011.7,2026-06,Table 3,39,79,Ministry of Road Transport & Highways,Roads & Highways,NHAI,National Highways Authority of India [NHAI],,MoRTH,Transport & Logistics
618938,4L of Rajura-Korpana-Adilabad Road upto M.S. Border from km 32.910 to km 89.090 of NH-353B,NHAI,,,color,Multi-States,Maharashtra; Telangana,2022-03-01,2022-10-01,2024-10-01,2026-03-01,,1013.33,1274.63,699.33,2026-06,Table 3,39,80,Ministry of Road Transport & Highways,Roads & Highways,NHAI,National Highways Authority of India [NHAI],,MoRTH,Transport & Logistics
618760,4L Greenfield a Malout bypass from ch. Km 44.500 to ch. Km 35.500 on NH-07 and Ch. Km 0.000 to Km 6.984 on NH-09 bMandi Dabwali Bypass from Ch. 38.450 Km to Km 27.910 Pkg-02,NHAI,,,color,Multi-States,Punjab; Haryana,2021-11-01,2022-12-01,2024-07-01,2026-01-01,,646.42,556.09,571.11,2026-06,Table 3,39,81,Ministry of Road Transport & Highways,Roads & Highways,NHAI,National Highways Authority of India [NHAI],,MoRTH,Transport & Logistics
618935,4L Ambala - Kalaamb from Km. -0.800 to Km. 33.015 of old NH-72,NHAI,,,color,Multi-States,Punjab; Haryana,2022-10-01,2023-06-01,2025-06-01,2026-02-01,,1183.7,1190.34,706.54,2026-06,Table 3,39,82,Ministry of Road Transport & Highways,Roads & Highways,NHAI,National Highways Authority of India [NHAI],,MoRTH,Transport & Logistics
618755,4L of left out existing road section from Lalgopalganj Km 161.450 to Nawabganj Km 180.200 in Prayagraj,NHAI,,,color,Multi-States,Rajasthan; Uttar Pradesh,2024-03-01,2025-04-01,2026-03-01,2026-04-01,,159.53,100.74,93.24,2026-06,Table 3,39,83,Ministry of Road Transport & Highways,Roads & Highways,NHAI,National Highways Authority of India [NHAI],,MoRTH,Transport & Logistics
619122,Akshardham - DL/UP Border Pkg-01,NHAI,,,color,Multi-States,Uttar Pradesh; Delhi,2020-09-01,2022-06-01,2024-12-01,2024-08-01,,1479.22,1476.75,1399.88,2026-06,Table 3,39,84,Ministry of Road Transport & Highways,Roads & Highways,NHAI,National Highways Authority of India [NHAI],,MoRTH,Transport & Logistics
618828,4L from Km 219.600 Khajuri to Km 260.483 Wyndhamganj on NH-75 Sec-V,NHAI,,,color,Multi-States,Uttar Pradesh; Jharkhand,2022-03-01,2023-09-01,2025-09-01,2026-05-01,,1436.49,1465.55,959.96,2026-06,Table 3,39,85,Ministry of Road Transport & Highways,Roads & Highways,NHAI,National Highways Authority of India [NHAI],,MoRTH,Transport & Logistics
618912,Construction of Rudrapur Bypass Section from Km. 0.000 to 20.640 in the state of Uttar Pradesh & Uttarakhand,NHAI,,,color,Multi-States,Uttar Pradesh; Uttarakhand,2023-03-01,2024-01-01,2026-01-01,2026-03-01,,1051.73,1117.17,670.74,2026-06,Table 3,40,86,Ministry of Road Transport & Highways,Roads & Highways,NHAI,National Highways Authority of India [NHAI],,MoRTH,Transport & Logistics
619104,4L/2L PS of Govindpur Raiganj - Chas - WB border section of from km. 0.00 to km. 56.889 of Old NH-32,NHAI,,,color,Multi-States,West Bengal; Jharkhand,2016-03-01,2017-12-01,2019-12-01,2025-09-01,,1139.65,1154.8,1064.7,2026-06,Table 3,40,87,Ministry of Road Transport & Highways,Roads & Highways,NHAI,National Highways Authority of India [NHAI],,MoRTH,Transport & Logistics
618002,Widening of existing single lane to intermediate lane road from Mokokchung to Chare via Dikhu in the state of Nagaland on EPC mode,MoRTH,,,color,Nagaland,Nagaland,2021-02-01,2023-06-01,2025-06-01,2025-11-01,,192.93,,110.98,2026-06,Table 3,40,88,Ministry of Road Transport & Highways,Roads & Highways,MORTH,MoRTH,,MoRTH,Transport & Logistics
618329,Construction of 4/6 Laning from Km 132.375 to Km 153.058 Total New Alignment length of 20.683 Km of Daboka-Dimapur Section Dimapur Bypass Nagaland Portion of NH-36 & 39 in the State of Nagaland on EPC basis under PhaseA of SARDP-NE,NHIDCL,,,color,Nagaland,Nagaland,2017-02-01,2017-09-01,2020-09-01,2025-09-01,,819.39,,635.0,2026-06,Table 3,40,89,Ministry of Road Transport & Highways,Roads & Highways,NHIDCL,National Highways & Infrastructure Development Corporation Ltd. [NHIDCL],,MoRTH,Transport & Logistics
617924,Construction of bypass to Nayagarh town from km 235.469 to 252.482 of NH-57 including land acquisition in the state of Odisha.,MoRTH,,,color,Odisha,Odisha,2022-01-01,2023-05-01,2025-04-01,2026-02-01,,300.33,,103.64,2026-06,Table 3,40,90,Ministry of Road Transport & Highways,Roads & Highways,MORTH,MoRTH,,MoRTH,Transport & Logistics
618819,Balance work of Panikoili Rimoli Section of new NH-20 from Km 0.00 to Km. 163.000,NHAI,,,color,Odisha,Odisha,2020-09-01,2021-03-01,2022-03-01,2023-12-01,,183.03,200.79,185.4,2026-06,Table 3,40,91,Ministry of Road Transport & Highways,Roads & Highways,NHAI,National Highways Authority of India [NHAI],,MoRTH,Transport & Logistics
618913,4-L of Rajamunda to Barkote Section of NH-23 from km. 287.200 to km. 337.185,NHAI,,,color,Odisha,Odisha,2017-10-01,2018-12-01,2021-06-01,2025-07-01,,609.63,630.97,608.19,2026-06,Table 3,40,92,Ministry of Road Transport & Highways,Roads & Highways,NHAI,National Highways Authority of India [NHAI],,MoRTH,Transport & Logistics
619075,6L of Bhubaneswar - Jagatpur - Chandikhole Section of NH-16,NHAI,,,color,Odisha,Odisha,2009-01-01,2011-12-01,2014-06-01,2026-04-01,,639.3,632.89,579.23,2026-06,Table 3,40,93,Ministry of Road Transport & Highways,Roads & Highways,NHAI,National Highways Authority of India [NHAI],,MoRTH,Transport & Logistics
618487,Delhi-Amritsar-Katra Expressway Phase-I Pkg-VII from Junction with Patiala- Bathinda road NH-7 near Bhawanigarh to Junction with Ludhiana-Malerhkotla SH-11 near Bhogiwal village Km 188830 to km 225770,NHAI,,,color,Punjab,Punjab,2020-12-01,2022-07-01,2024-07-01,2026-02-01,,1759.82,1774.32,1695.83,2026-06,Table 3,40,94,Ministry of Road Transport & Highways,Roads & Highways,NHAI,National Highways Authority of India [NHAI],,MoRTH,Transport & Logistics
617891,"Construction of Two lane with Paved Shoulder for Fatehpur Bypass Design Km 0.000 to Km 7.400 , Mandawa Bypass Design Km 20.925 to Km 27.300 & Jhunjhunu Bypass Design Km 41.625 to Km 54.689 of NH-11 on EPC Mode in the state of Rajasthan .",MoRTH,,,color,Rajasthan,Rajasthan,2022-03-01,2023-02-01,2024-08-01,2025-09-01,,186.29,,78.06,2026-06,Table 3,40,95,Ministry of Road Transport & Highways,Roads & Highways,MORTH,MoRTH,,MoRTH,Transport & Logistics
617900,Upgradation to Two Lane Paved Shoulder in km 33/0 to 126/520 of NH-23 Old NH-11B Kothun-Lalsot-Karoli-Dholpur road in the state of Rajasthan under EPC mode Length-93.52 Km.,MoRTH,,,color,Rajasthan,Rajasthan,2021-12-01,2022-09-01,2024-09-01,2026-05-01,,150.11,,12.25,2026-06,Table 3,40,96,Ministry of Road Transport & Highways,Roads & Highways,MORTH,MoRTH,,MoRTH,Transport & Logistics
618093,Up-gradation to 2 lane with Paved shoulder from Charbhuja at Design km 0.00 existing km 150.00 to Neechli Oden Nathdwara at Design ch. Km 88.800 existing km 55.950 of NH-162E on EPC mode.,MoRTH,,,color,Rajasthan,Rajasthan,2022-02-01,2023-09-01,2025-09-01,2025-04-01,,838.43,,43.9,2026-06,Table 3,40,97,Ministry of Road Transport & Highways,Roads & Highways,MORTH,MoRTH,,MoRTH,Transport & Logistics
618118,Upgradation of two lane paved shoulder from Shahpura existing km. 0.00 Design Ch. 000 to Thanagazi existing Km.37352 Design Ch. 36810 of NH- 248A on EPC mode in the State of Rajasthan.,MoRTH,,,color,Rajasthan,Rajasthan,2022-03-01,2023-02-01,2024-07-01,2025-07-01,,174.34,,100.48,2026-06,Table 3,40,98,Ministry of Road Transport & Highways,Roads & Highways,MORTH,MoRTH,,MoRTH,Transport & Logistics
618456,Delhi-Vadodara Greenfield Alignment NH-148N Pkg-14 Ch. 388.420 to Ch. 419.000 [Junction with NH- 76 to Junction with NH-12 near village Ummedpura],NHAI,,,color,Rajasthan,Rajasthan,2019-11-01,2021-05-01,2023-05-01,2025-03-01,,1119.35,1194.17,1114.19,2026-06,Table 3,40,99,Ministry of Road Transport & Highways,Roads & Highways,NHAI,National Highways Authority of India [NHAI],,MoRTH,Transport & Logistics
619063,4L Greenfield spur from Delhi-Vadodara Greenfield expressway near Bandikui to Jaipur,NHAI,,,color,Rajasthan,Rajasthan,2022-03-01,2022-11-01,2024-11-01,2025-10-01,,1636.15,2170.39,1283.3,2026-06,Table 3,40,100,Ministry of Road Transport & Highways,Roads & Highways,NHAI,National Highways Authority of India [NHAI],,MoRTH,Transport & Logistics
618562,Dindigul Bypass - Samyanallore from km. 373.275 to km. 426.00,NHAI,,,color,Tamil Nadu,Tamil Nadu,2005-06-01,2006-07-01,2009-01-01,2025-07-01,,579.0,295.5,141.09,2026-06,Table 3,40,101,Ministry of Road Transport & Highways,Roads & Highways,NHAI,National Highways Authority of India [NHAI],,MoRTH,Transport & Logistics
618743,Trichy 135.800 to Karur 218.000 section of NH-67 - Trichy Bypass,NHAI,,,color,Tamil Nadu,Tamil Nadu,2006-12-01,2008-01-01,2010-07-01,2026-06-01,,876.88,360.88,336.71,2026-06,Table 3,40,102,Ministry of Road Transport & Highways,Roads & Highways,NHAI,National Highways Authority of India [NHAI],,MoRTH,Transport & Logistics
618745,4L of Vadugapatti to Therkuvenganallur Rajapalyam section from km 36.000 to km 71.600 of NH-744,NHAI,,,color,Tamil Nadu,Tamil Nadu,2022-02-01,2023-04-01,2025-04-01,2026-06-01,,1317.6,1137.16,954.04,2026-06,Table 3,40,103,Ministry of Road Transport & Highways,Roads & Highways,NHAI,National Highways Authority of India [NHAI],,MoRTH,Transport & Logistics
618773,Tuticorin - Tirunelveli from km. 0.00 to km. 47.250,NHAI,,,color,Tamil Nadu,Tamil Nadu,2009-11-01,2010-04-01,2012-04-01,2014-06-01,,449.85,452.48,2.8,2026-06,Table 3,40,104,Ministry of Road Transport & Highways,Roads & Highways,NHAI,National Highways Authority of India [NHAI],,MoRTH,Transport & Logistics
618874,Four Laning of Trichy - Dindigul from km. 333.00 to km. 421.273 of NH-45,NHAI,,,color,Tamil Nadu,Tamil Nadu,2006-12-01,2008-01-01,2010-07-01,2026-06-01,,1003.11,435.81,377.7,2026-06,Table 3,40,105,Ministry of Road Transport & Highways,Roads & Highways,NHAI,National Highways Authority of India [NHAI],,MoRTH,Transport & Logistics
618897,4L of Sethiyathope -Cholapuram section from Km. 65.960 to Km. 116.440 section of NH45 C Pkg-II,NHAI,,,color,Tamil Nadu,Tamil Nadu,2017-03-01,2018-08-01,2020-08-01,2025-11-01,,2356.19,2356.9,1697.35,2026-06,Table 3,40,106,Ministry of Road Transport & Highways,Roads & Highways,NHAI,National Highways Authority of India [NHAI],,MoRTH,Transport & Logistics
618943,Salem - Ulundurpet section from km 0.313 to km 136.670 of NH-68,NHAI,,,color,Tamil Nadu,Tamil Nadu,2006-12-01,2008-01-01,2011-01-01,2025-11-01,,861.23,1019.85,940.44,2026-06,Table 3,40,107,Ministry of Road Transport & Highways,Roads & Highways,NHAI,National Highways Authority of India [NHAI],,MoRTH,Transport & Logistics
619083,Thumbipadi-Namakkal from km. 180.00 to km. 248.625 Package No. NS- 2/BOT/TN-02,NHAI,,,color,Tamil Nadu,Tamil Nadu,2005-06-01,2006-08-01,2009-02-01,2026-06-01,,255.53,395.43,392.41,2026-06,Table 3,40,108,Ministry of Road Transport & Highways,Roads & Highways,NHAI,National Highways Authority of India [NHAI],,MoRTH,Transport & Logistics
619084,Start of Karur Bypass - Dindigul from km. 292.600 to km. 305.600 Contract Package No. NS2/BOT/TN-4,NHAI,,,color,Tamil Nadu,Tamil Nadu,2005-08-01,2006-10-01,2009-04-01,2025-12-01,,461.54,515.03,222.72,2026-06,Table 3,41,109,Ministry of Road Transport & Highways,Roads & Highways,NHAI,National Highways Authority of India [NHAI],,MoRTH,Transport & Logistics
617992,Rehabilitation & upgradation of NH - 167 from design km 187.723 to 234.434 Miryalaguda to Kodad section to two lane with paved shoulder on EPC mode in the state of Telangana,MoRTH,,,color,Telangana,Telangana,2018-03-01,2018-09-01,2020-09-01,2026-01-01,,322.81,322.81,154.47,2026-06,Table 3,41,110,Ministry of Road Transport & Highways,Roads & Highways,MORTH,MoRTH,,MoRTH,Transport & Logistics
617996,Widening to 2/4 Lane with paved shoulders from Km 182.120 to Km 227.600 of NH 167 on Haggari-Jadcherla Road on EPC mode under NHO in the state of Telangana,MoRTH,,,color,Telangana,Telangana,2016-10-01,2017-02-01,2019-02-01,2024-04-01,,298.0,,238.2,2026-06,Table 3,41,111,Ministry of Road Transport & Highways,Roads & Highways,MORTH,MoRTH,,MoRTH,Transport & Logistics
618026,Rehabilitation and upgradation to two lane with paved shoulders from Km 0/000 to 72/6 of NH-365 Nakrekal to Tanamcherla section under NHDP IV in the state of Telangana under EPC mode,MoRTH,,,color,Telangana,Telangana,2017-06-01,2017-11-01,2019-10-01,2025-05-01,,605.08,,585.2,2026-06,Table 3,41,112,Ministry of Road Transport & Highways,Roads & Highways,MORTH,MoRTH,,MoRTH,Transport & Logistics
618132,Widening & strengthening of existing carriageway in 2 lane with paved shoulders from km 25/0 to 59/2 design Ch km 25.467 to 59.200 of NH - 353C on EPC mode in the state of Telangana,MoRTH,,,color,Telangana,Telangana,2018-02-01,2018-06-01,2020-06-01,2025-01-01,,206.13,,318.62,2026-06,Table 3,41,113,Ministry of Road Transport & Highways,Roads & Highways,MORTH,MoRTH,,MoRTH,Transport & Logistics
618142,Widening to Two lane with Paved shoulders from km.40/410 to 84/037 of Thirumanlagiri-- Suryapet Section of NH-365B earstwhile section of SH-16,MoRTH,,,color,Telangana,Telangana,2017-01-01,2017-05-01,2019-05-01,2023-08-01,,244.54,,147.48,2026-06,Table 3,41,114,Ministry of Road Transport & Highways,Roads & Highways,MORTH,MoRTH,,MoRTH,Transport & Logistics
618143,widening to two lane with Paved shoulders from Km.0/970 to Km.40/410 of Jangaon - Thirumal giriof NH- 365B in the state of Telanganaon EPC mode under NHO Annual Plan 2016-17,MoRTH,,,color,Telangana,Telangana,2017-03-01,2017-11-01,2019-10-01,2023-10-01,,197.0,,3.24,2026-06,Table 3,41,115,Ministry of Road Transport & Highways,Roads & Highways,MORTH,MoRTH,,MoRTH,Transport & Logistics
618386,Rehabilitation & Upgradation of Road from Km 0.00 to Km 18.600 Total length- 18.600 km of Kumarghat-Kailashahar section on NH-208 to 2-lane with Paved shoulder on EPC bais under NHO,NHIDCL,,,color,Tripura,Tripura,2020-02-01,2020-07-01,2022-01-01,2024-12-01,,277.5,302.03,273.04,2026-06,Table 3,41,116,Ministry of Road Transport & Highways,Roads & Highways,NHIDCL,National Highways & Infrastructure Development Corporation Ltd. [NHIDCL],,MoRTH,Transport & Logistics
618008,"Construction of four-lane elevated viaduct from km.4634 to km.6345 on NH-24A including Retaining wall, service lane, at grade road and improvement of junctions, on EPC mode",MoRTH,,,color,Uttar Pradesh,Uttar Pradesh,2021-03-01,2022-03-01,2023-09-01,2024-09-01,,185.09,269.81,200.32,2026-06,Table 3,41,117,Ministry of Road Transport & Highways,Roads & Highways,MORTH,MoRTH,,MoRTH,Transport & Logistics
618110,Improvement and upgradation to two lane with Paved Shoulder configuration from existing km 55.00 to km 90.00 Design length 34.76 of NH-227A near Chhapia Village to near Sikriganj in the State of UP on EPC Mode.,MoRTH,,,color,Uttar Pradesh,Uttar Pradesh,2021-11-01,2022-11-01,2024-05-01,2025-05-01,,307.11,,136.8,2026-06,Table 3,41,118,Ministry of Road Transport & Highways,Roads & Highways,MORTH,MoRTH,,MoRTH,Transport & Logistics
618498,6L Greenfield Kanpur - Lucknow Expressway Pkg II from km. 28.500 to km. 73.744,NHAI,,,color,Uttar Pradesh,Uttar Pradesh,2021-12-01,2022-11-01,2025-05-01,2026-02-01,,2471.56,2489.0,1439.5,2026-06,Table 3,41,119,Ministry of Road Transport & Highways,Roads & Highways,NHAI,National Highways Authority of India [NHAI],,MoRTH,Transport & Logistics
618553,6L of Agra Bypass Northern connecting Km. 174.500 of NH-2 new NH-19 to Km. 141.000 of Yamuna Expressways,NHAI,,,color,Uttar Pradesh,Uttar Pradesh,2022-01-01,2023-02-01,2025-02-01,2026-01-01,,957.62,1034.42,759.58,2026-06,Table 3,41,120,Ministry of Road Transport & Highways,Roads & Highways,NHAI,National Highways Authority of India [NHAI],,MoRTH,Transport & Logistics
618565,Strengthening of existing 4L Ayodhya Bypass Section from design Km. 121 600 to Km. 144020 of NH 28 New NH 27Pkg-3,NHAI,,,color,Uttar Pradesh,Uttar Pradesh,2023-03-01,2023-09-01,2025-03-01,2025-11-01,,526.45,281.13,270.75,2026-06,Table 3,41,121,Ministry of Road Transport & Highways,Roads & Highways,NHAI,National Highways Authority of India [NHAI],,MoRTH,Transport & Logistics
618770,4L Spur of Panipat - Shamli connecting NH-709AD Panipat Shamli Muzaffarnagar and NH-709A Karnal Meerut bypassing Shamli district UP,NHAI,,,color,Uttar Pradesh,Uttar Pradesh,2021-10-01,2022-10-01,2024-10-01,2025-05-01,,516.16,273.42,247.21,2026-06,Table 3,41,122,Ministry of Road Transport & Highways,Roads & Highways,NHAI,National Highways Authority of India [NHAI],,MoRTH,Transport & Logistics
618854,2L PS of Raebareli - Jagdishpur with 4L Jagdishpur Bypass Spur,NHAI,,,color,Uttar Pradesh,Uttar Pradesh,2021-02-01,2022-01-01,2024-01-01,2025-11-01,,706.41,752.52,534.31,2026-06,Table 3,41,123,Ministry of Road Transport & Highways,Roads & Highways,NHAI,National Highways Authority of India [NHAI],,MoRTH,Transport & Logistics
618855,"Improvement and Up-Gradation of Existing Road to 2/4L PS from Km 40.000 to 88.750, start of Khutar bypass to start of Shahjahanpur bypass of NH 731Pkg-I",NHAI,,,color,Uttar Pradesh,Uttar Pradesh,2022-03-01,2023-02-01,2025-02-01,2026-03-01,,838.68,838.68,616.56,2026-06,Table 3,41,124,Ministry of Road Transport & Highways,Roads & Highways,NHAI,National Highways Authority of India [NHAI],,MoRTH,Transport & Logistics
618864,4L from Mathura Bypass Start at Existing Km. 154.20 of NH-44 to Gaju Village at Km 32.982 of NH-530B Pkg-IB,NHAI,,,color,Uttar Pradesh,Uttar Pradesh,2022-01-01,2023-03-01,2025-03-01,2026-01-01,,1722.11,1820.77,1057.04,2026-06,Table 3,41,125,Ministry of Road Transport & Highways,Roads & Highways,NHAI,National Highways Authority of India [NHAI],,MoRTH,Transport & Logistics
618865,4L from Gaju Village at Km. 32.982 to Devinagar Bypass End at Km. 208.000 of NH-530B Pkg-1C.,NHAI,,,color,Uttar Pradesh,Uttar Pradesh,2021-12-01,2023-01-01,2025-01-01,2025-04-01,,1384.79,1496.44,862.65,2026-06,Table 3,41,126,Ministry of Road Transport & Highways,Roads & Highways,NHAI,National Highways Authority of India [NHAI],,MoRTH,Transport & Logistics
618959,4L Prayagraj Greenfield By-pass from design Km 50860 near Nibi Kala Uperhar to design Km 64763 on NH-19 near Khodaypur Kasgaon including Interchange loop at NH-19,NHAI,,,color,Uttar Pradesh,Uttar Pradesh,2023-08-01,2023-12-01,2025-03-01,2026-02-01,,1017.99,427.54,412.74,2026-06,Table 3,41,127,Ministry of Road Transport & Highways,Roads & Highways,NHAI,National Highways Authority of India [NHAI],,MoRTH,Transport & Logistics
617970,Reconstruction of existing 2 L/IL to 2L with paved shoulder from existing km 52.200 to 92.880 of NH-,MoRTH,,,color,Uttarakhand,Uttarakhand,2016-10-01,2017-06-01,2019-06-01,2023-09-01,,282.08,,352.53,2026-06,Table 3,41,128,Ministry of Road Transport & Highways,Roads & Highways,MORTH,MoRTH,,MoRTH,Transport & Logistics
617975,Rehabilitation and upgradation to 2 lane with paved shoulder configuration from km 122.00 Dharasu Bend to km 147.230 Silkyara Bend of NH-94 in the state of Uttarakhand,MoRTH,,,color,Uttarakhand,Uttarakhand,2017-03-01,2017-11-01,2019-11-01,2026-01-01,,237.79,,196.69,2026-06,Table 3,41,129,Ministry of Road Transport & Highways,Roads & Highways,MORTH,MoRTH,,MoRTH,Transport & Logistics
617253,Revamping of old sub-systems of Blast Furnace 3 at Bokaro Steel Plant,Steel Authority of India Limited [SAIL],,,color,Jharkhand,Jharkhand,2023-08-01,2023-10-01,2025-07-01,2026-05-01,,513.82,,415.18,2026-06,Table 3,42,130,Ministry of Steel,Steel,SAIL,Steel Authority of India Limited [SAIL],,MoS,Others
701406,Rajiv Bhima Lift Irrigation Scheme,Irrigation and CAD-TG,,,color,Telangana,Telangana,2007-04-01,2008-01-01,2026-06-01,2019-12-01,2026-03-01,1402.0,2509.66,1839.76,2026-07,Table 3,36,1,"Department of Water Resources, River Development & GR",Water Resources,irrigation and cad tg,Irrigation and CAD-TG,,"DWR, RD & GR",Water & Sanitation
702851,Pune Water Supply Infrastructure Project,Ministry of Housing & Urban Affairs,,,color,Maharashtra,Maharashtra,2017-03-01,2017-07-01,2026-07-01,2023-03-01,2026-08-01,235.95,,220.77,2026-07,Table 3,36,2,Ministry of Housing & Urban Affairs,Waste & Water,ministry of housing and urban affairs,Ministry of Housing & Urban Affairs,,MoHUA,Water & Sanitation
701343,Srikakulam Angul Gas Pipeline Project,Gas Authority of India Limited [GAIL],,,color,Odisha,Odisha,2019-09-01,2019-09-01,2026-07-01,2026-07-01,2026-07-01,2658.34,2810.0,2315.2,2026-07,Table 3,36,3,Ministry of Petroleum & Natural Gas,Energy Storage,GAIL,Gas Authority of India Limited [GAIL],,MoPNG,Energy
400078,New Mundra Panipat Crude Oil Pipeline,Indian Oil Corporation Limited [IOCL],,,color,Rajasthan,Rajasthan,2021-12-01,2021-12-01,2026-07-01,2024-12-01,2026-07-01,9028.0,9028.0,7554.56,2026-07,Table 3,36,4,Ministry of Petroleum & Natural Gas,Energy Storage,IOCL,Indian Oil Corporation Limited [IOCL],,MoPNG,Energy
611966,Transmission System for Evacuation of power from Potential RE Zone in Khavda Area of Gujarat under phase IV 7GW-Part E4,Power Grid Corporation of India Limited [POWERGRID],,,color,Maharashtra,Maharashtra,2023-11-01,2023-11-01,2026-06-01,2025-07-01,2026-05-01,224.41,,224.41,2026-07,Table 3,36,5,Ministry of Power,Transmission & Distribution,POWERGRID,Power Grid Corporation of India Limited [POWERGRID],,MoP,Energy
617949,Tadipatri Bypass Km 0000 to Km 6285 of 4-Lane on NH-67 in Anantapuramu district of AP state under NHO on EPC Mode under Annual Plan 2022-23,MoRTH,,,color,Andhra Pradesh,Andhra Pradesh,2023-03-01,2024-03-01,2026-01-01,2026-03-01,2026-01-01,159.66,,75.74,2026-07,Table 3,36,6,Ministry of Road Transport & Highways,Roads & Highways,MORTH,MoRTH,,MoRTH,Transport & Logistics
618051,Rehabilitation and Upgrading of NH-707 OLD 72-B Package - 2 Hewna to Ashyari,MoRTH,,,color,Himachal Pradesh,Himachal Pradesh,2020-04-01,2021-03-01,2025-12-01,2023-03-01,2025-12-01,242.8,220.95,145.49,2026-07,Table 3,36,7,Ministry of Road Transport & Highways,Roads & Highways,MORTH,MoRTH,,MoRTH,Transport & Logistics
617915,Upgradation of Dindori-Sagartola-kabichabutra MP-CG border section of NH -45 from km 000Design to km 77.00 Design to Two lane with paved shoulder configration along with one time improvement in 04 nos. of bypaased built-up areas in a total length of 9.1 km in the state of Madhya Pradesh on EPC mode.,MoRTH,,,color,Madhya Pradesh,Madhya Pradesh,2022-01-01,2023-09-01,2026-03-01,2025-09-01,2026-03-01,329.14,319.09,204.39,2026-07,Table 3,36,8,Ministry of Road Transport & Highways,Roads & Highways,MORTH,MoRTH,,MoRTH,Transport & Logistics
618136,Upgradatiobn and Rehabilitation of Section of NH 361 F from Parli 00/000 to Gangakhed 30/400 to Two Lanes with paved shoulder / Four lane configurations on EPC mode in the State of Maharashtra.,MoRTH,,,color,Maharashtra,Maharashtra,2021-03-01,2022-02-01,2025-08-01,2023-09-01,2025-08-01,224.44,,268.45,2026-07,Table 3,36,9,Ministry of Road Transport & Highways,Roads & Highways,MORTH,MoRTH,,MoRTH,Transport & Logistics
618175,Rehabilitation and Upgradation of Satana to Mangrul Chandwad Section of NH752 G Design Ch Km 64.000 to Ch Km 101.140 two lane with paved shoulder/four lane configuration in the state of Maharashtra on EPC mode.,MoRTH,,,color,Maharashtra,Maharashtra,2022-03-01,2023-05-01,2026-02-01,2025-05-01,2026-02-01,428.8,,184.63,2026-07,Table 3,36,10,Ministry of Road Transport & Highways,Roads & Highways,MORTH,MoRTH,,MoRTH,Transport & Logistics
617887,Beawer Gomti 4LPS from km 58.245 to km 108.600 Pkg-I,MoRTH,,,color,Rajasthan,Rajasthan,2020-12-01,2021-10-01,2025-12-01,2023-10-01,2025-12-01,379.23,,206.48,2026-07,Table 3,36,11,Ministry of Road Transport & Highways,Roads & Highways,MORTH,MoRTH,,MoRTH,Transport & Logistics
617981,Widening to Two with Paved shoulders from Km 59.500 to Km 132.033 of Manneguda- Ravunapally section of NH-163 Erstwhile SH-4 in the State of Telangana on EPC mode under NH O Annual Plan 2016-17,MoRTH,,,color,Telangana,Telangana,2017-03-01,2017-05-01,2024-10-01,2019-05-01,2024-10-01,359.0,,724.23,2026-07,Table 3,36,12,Ministry of Road Transport & Highways,Roads & Highways,MORTH,MoRTH,,MoRTH,Transport & Logistics
617982,Widening and strengthening of existing 2-lane to 2- lane with paved shoulders from km 159/0 to 165/4 and 186/0 to 215/0 of NH-163 on EPC mode int the state of Telangana,MoRTH,,,color,Telangana,Telangana,2018-01-01,2018-06-01,2024-11-01,2019-11-01,2024-11-01,230.03,,383.3,2026-07,Table 3,36,13,Ministry of Road Transport & Highways,Roads & Highways,MORTH,MoRTH,,MoRTH,Transport & Logistics
617993,Rehabilitation and upgradation of NH-167 from design km 157.707 to 187.723 design length 30.016 km to two lane with paved shoulders of Alinagar- Miryalaguda Sec on EPC mode in the state of Telangana,MoRTH,,,color,Telangana,Telangana,2018-02-01,2018-05-01,2025-12-01,2019-11-01,2025-12-01,220.28,,223.79,2026-07,Table 3,36,14,Ministry of Road Transport & Highways,Roads & Highways,MORTH,MoRTH,,MoRTH,Transport & Logistics
618749,Khammam-Devarapalle Pkg V [4L Access Controlled Greenfield from Gurvaygudem village to Devarapalle village Design Chainage 132664 to 162126,NHAI,,,color,Andhra Pradesh,Andhra Pradesh,2020-12-01,2022-09-01,2026-05-01,2024-09-01,2026-05-01,711.94,926.48,591.01,2026-07,Table 3,36,15,Ministry of Road Transport & Highways,Roads & Highways,NHAI,National Highways Authority of India [NHAI],,MoRTH,Transport & Logistics
618460,Delhi-Vadodara Greenfield Alignment NH-148N Pkg-28 Ch.756052 to Ch.781282,NHAI,,,color,Gujarat,Gujarat,2020-09-01,2021-11-01,2026-04-01,2023-11-01,2026-04-01,1263.38,1266.98,935.5,2026-07,Table 3,36,16,Ministry of Road Transport & Highways,Roads & Highways,NHAI,National Highways Authority of India [NHAI],,MoRTH,Transport & Logistics
618833,Kodinar - Veraval Package VI from km. 221.610 to km. 263.00 of NH-8E & km. 120.900 to km. 121.150 of NH-8D,NHAI,,,color,Gujarat,Gujarat,2016-02-01,2018-02-01,2026-05-01,2020-07-01,2026-05-01,894.01,1127.42,730.06,2026-07,Table 3,36,17,Ministry of Road Transport & Highways,Roads & Highways,NHAI,National Highways Authority of India [NHAI],,MoRTH,Transport & Logistics
619146,Kagvadar - Una Package-IV,NHAI,,,color,Gujarat,Gujarat,2016-02-01,2017-03-01,2026-06-01,2019-09-01,2026-06-01,750.53,955.78,833.13,2026-07,Table 3,36,18,Ministry of Road Transport & Highways,Roads & Highways,NHAI,National Highways Authority of India [NHAI],,MoRTH,Transport & Logistics
618577,Dwarka Expressway Pkg-III Delhi/HR Border to Start of RoB Gurugram,NHAI,,,color,Multi-States,Delhi; Haryana,2018-01-01,2018-11-01,2024-05-01,2020-11-01,2024-05-01,2228.26,2298.37,1775.04,2026-07,Table 3,36,19,Ministry of Road Transport & Highways,Roads & Highways,NHAI,National Highways Authority of India [NHAI],,MoRTH,Transport & Logistics
619291,4L Poanta SahebMednipur from Km. 435.65 to km. 458.65 of NH-07Pkg-1,NHAI,,,color,Multi-States,Uttarakhand; Himachal Pradesh,2022-03-01,2023-05-01,2026-03-01,2025-05-01,2026-03-01,524.54,657.32,321.15,2026-07,Table 3,37,20,Ministry of Road Transport & Highways,Roads & Highways,NHAI,National Highways Authority of India [NHAI],,MoRTH,Transport & Logistics
619113,4L of Padalur - Trichy section from km. 285.00 to km. 325.00 of NH - 45 Pkg VI-C,NHAI,,,color,Tamil Nadu,Tamil Nadu,2005-12-01,2006-11-01,2026-02-01,2009-05-01,2026-02-01,555.8,235.8,235.51,2026-07,Table 3,37,21,Ministry of Road Transport & Highways,Roads & Highways,NHAI,National Highways Authority of India [NHAI],,MoRTH,Transport & Logistics
618692,Aligarh-Kanpur Pkg I [Aligarh-Bhadwas],NHAI,,,color,Uttar Pradesh,Uttar Pradesh,2018-03-01,2019-02-01,2024-12-01,2022-06-01,2024-12-01,1226.64,2069.6,1359.15,2026-07,Table 3,37,22,Ministry of Road Transport & Highways,Roads & Highways,NHAI,National Highways Authority of India [NHAI],,MoRTH,Transport & Logistics
618432,Construction of Balance work of 2-Lane with PS of Joram-Koloriang Road NH- 713 on EPC basis from Design Km 44.989 to Km 61.547 Existing Km 50.050 to Km 70.000 in the state of Arunachal Pradesh under SARDP-NE Pkg-3,NHIDCL,,,color,Arunachal Pradesh,Arunachal Pradesh,2017-02-01,2020-10-01,2024-09-01,2022-04-01,2024-09-01,228.72,,205.68,2026-07,Table 3,37,23,Ministry of Road Transport & Highways,Roads & Highways,NHIDCL,National Highways & Infrastructure Development Corporation Ltd. [NHIDCL],,MoRTH,Transport & Logistics
618342,Rehabilitation and upgradation to 2 Lane with Paved shoulder of Economic corridor of NH-6 from Design chaiange Km 0.000 to Km 13.510 Package-1 in the state of Mizoram under Bharatmala Pariyojana on EPC mode,NHIDCL,,,color,Mizoram,Mizoram,2020-03-01,2020-07-01,2024-06-01,2022-06-01,2024-06-01,206.9,,214.51,2026-07,Table 3,37,24,Ministry of Road Transport & Highways,Roads & Highways,NHIDCL,National Highways & Infrastructure Development Corporation Ltd. [NHIDCL],,MoRTH,Transport & Logistics
618343,"Rehabilitation and Up gradation to 2-lane with paved shoulder of Keifang Section Economic Corridor of NH-06 from Existing Chainage Km 30050 Keifang to Km 50360 Keifang, Design Chainage Km 27400 to Km 45040 PkgIII in the State of Mizoram under Bharatmala Pariyojna on EPC Mode Seling-Dulte - III",NHIDCL,,,color,Mizoram,Mizoram,2020-03-01,2020-07-01,2024-10-01,2022-06-01,2024-10-01,292.23,,298.93,2026-07,Table 3,37,25,Ministry of Road Transport & Highways,Roads & Highways,NHIDCL,National Highways & Infrastructure Development Corporation Ltd. [NHIDCL],,MoRTH,Transport & Logistics
612851,"Phase 1B - Construction of Academic Block, Hostel, Residential Tower, Directors Residence and External Development works at National Institute of Technology, Delhi Campus on Engineering, Procurement and Construction basis",National Institute of Technology Delhi,,,color,Delhi,Delhi,2009-09-01,2022-11-01,2026-06-01,2025-09-01,2026-01-01,333.49,336.42,336.42,2026-08,Table 3,37,1,Department of Higher Education,Education,national institute of technology delhi,National Institute of Technology Delhi,,DoHE,Social & Commercial
612877,Establishment of NIT Puducherry Permanent Campus [Phase-I and Phase-II],"National Institute of Technology, Puducherry",,,color,Puducherry,Puducherry,2009-09-01,2013-07-01,2026-08-01,2024-12-01,2026-08-01,618.34,544.34,543.74,2026-08,Table 3,37,2,Department of Higher Education,Education,national institute of technology puducherry,"National Institute of Technology, Puducherry",,DoHE,Social & Commercial
702637,Mumbai Metro Line 3,Mumbai Metro Rail Corporation Limited [MMRC],,,color,Maharashtra,Maharashtra,2013-07-01,2016-06-01,2025-10-01,2023-03-01,2025-08-01,23136.0,37276.0,36139.24,2026-08,Table 3,37,3,Ministry of Housing & Urban Affairs,Urban Public Transport,MMRC,Mumbai Metro Rail Corporation Limited [MMRC],,MoHUA,Transport & Logistics
709753,Haldia Panagarh Pipeline Project,Hindustan Petroleum Corporation Limited,,,color,West Bengal,West Bengal,2022-11-01,2022-11-01,2026-08-01,2025-11-01,2026-08-01,1010.0,1107.0,895.3,2026-08,Table 3,37,4,Ministry of Petroleum & Natural Gas,Oil & Gas,HPCL,Hindustan Petroleum Corporation Limited [HPCL],,MoPNG,Energy
701565,Jal Marg Vikas Project,Inland Waterways Authority of India [IWAI],,,color,Multi-States,Bihar; Jharkhand; Uttar Pradesh; West Bengal,2018-01-01,2018-02-01,2026-06-01,2023-12-01,2026-06-01,5369.18,5061.15,4220.81,2026-08,Table 3,37,5,"Ministry of Ports, Shipping and Waterways",Inland Waterways,IWAI,Inland Waterways Authority of India [IWAI],,MoPSW,Transport & Logistics
618062,Dornala to Kunta Junction from Design Chainage Km 244000 to 267990 section of NH-765 Package-2,MoRTH,,,color,Andhra Pradesh,Andhra Pradesh,2022-12-01,2024-03-01,2026-02-01,2025-09-01,2026-02-01,244.83,,143.94,2026-08,Table 3,37,6,Ministry of Road Transport & Highways,Roads & Highways,MORTH,MoRTH,,MoRTH,Transport & Logistics
618192,Duttalur at NH-565 Junction to Kavali Joining on NH-16 Chainage Km. 36/400 to Km. 107/224 excluding the stretch from Km 101.880 to 105.300 67.404 Km of NH-167BG from in the State of Andhra Pradesh on EPC mode,MoRTH,,,color,Andhra Pradesh,Andhra Pradesh,2021-03-01,2022-07-01,2026-03-01,2024-07-01,2026-03-01,423.67,,300.76,2026-08,Table 3,37,7,Ministry of Road Transport & Highways,Roads & Highways,MORTH,MoRTH,,MoRTH,Transport & Logistics
618005,Sheohar-Sitamarhi Section km 40.000 to 79.400 km Lot-I,MoRTH,,,color,Bihar,Bihar,2016-02-01,2016-05-01,2024-09-01,2018-05-01,2024-09-01,178.85,278.53,232.61,2026-08,Table 3,37,8,Ministry of Road Transport & Highways,Roads & Highways,MORTH,MoRTH,,MoRTH,Transport & Logistics
618006,Sitamarhi-Jaynagar Section km 79.400 to km 156.500 Lot-II,MoRTH,,,color,Bihar,Bihar,2016-02-01,2016-06-01,2026-06-01,2018-12-01,2026-06-01,369.77,503.28,459.61,2026-08,Table 3,37,9,Ministry of Road Transport & Highways,Roads & Highways,MORTH,MoRTH,,MoRTH,Transport & Logistics
618007,Jaynagar-Narahia Section km 156.500 to km 219.945 Lot-III,MoRTH,,,color,Bihar,Bihar,2016-02-01,2016-05-01,2026-06-01,2018-11-01,2026-06-01,553.3,706.39,661.96,2026-08,Table 3,37,10,Ministry of Road Transport & Highways,Roads & Highways,MORTH,MoRTH,,MoRTH,Transport & Logistics
617977,Development of Chiloda - Gandhinagar- Sarkhej ofNH-147 Package -II,MoRTH,,,color,Gujarat,Gujarat,2018-04-01,2018-11-01,2024-09-01,2020-11-01,2024-09-01,211.28,234.44,234.39,2026-08,Table 3,37,11,Ministry of Road Transport & Highways,Roads & Highways,MORTH,MoRTH,,MoRTH,Transport & Logistics
618220,Reconstruction and widening to 2 lane with paved shoulder from existing chainage km 102000 to km 134950 Design chainage km 90150 to km 116980 including construction of Naushera Tunnel Total length of tunnel 0.700 km under 31 TF on Akhnoor-Poonch road NH-144A in the UT of Jammu & Kashmir under Project Sampark BRO on EPC mode Package-V Job no NH-144A-J&K-2020-21- 104,MoRTH,,,color,Jammu and Kashmir,Jammu and Kashmir,2021-03-01,2022-07-01,2025-11-01,2024-07-01,2025-11-01,642.24,572.51,524.46,2026-08,Table 3,37,12,Ministry of Road Transport & Highways,Roads & Highways,MORTH,MoRTH,,MoRTH,Transport & Logistics
618000,Widening to 2-Lane with Paved Shoulders from Km 116.800 to 149.070Design Changes on Hosadurga - Holalkere Section of NH-173 in the State of Karnataka on EPC mode under Annual Plan 2021-22 Job no. NH-173-KNT-2021-22-946,MoRTH,,,color,Karnataka,Karnataka,2022-03-01,2022-10-01,2026-05-01,2024-02-01,2026-05-01,170.34,147.39,125.98,2026-08,Table 3,37,13,Ministry of Road Transport & Highways,Roads & Highways,MORTH,MoRTH,,MoRTH,Transport & Logistics
618144,Construction of Major Bridge Across Sharavathi Backwaters and approches between Ambargodu and Kalasavalli Near Sigandhur in Sagar Taluk on NH 369E in the State of Karnataka on EPC mode.Job No. NH-369E-KNT-2018-19-895 dated 06.03.2019.,MoRTH,,,color,Karnataka,Karnataka,2019-03-01,2019-12-01,2025-08-01,2022-12-01,2025-08-01,423.15,,462.7,2026-08,Table 3,37,14,Ministry of Road Transport & Highways,Roads & Highways,MORTH,MoRTH,,MoRTH,Transport & Logistics
617917,"Construction of 4 Lane Flyover at Nagpur RTO Chowk To Nagpur University Campus from Ch 2/250 to 5/100 and 4 lane flyover at wadi/midc junction from km 8/360 to km, 10/300 on NH 53 in state of Maharashtra.",MoRTH,,,color,Maharashtra,Maharashtra,2021-03-01,2022-03-01,2025-07-01,2024-03-01,2025-07-01,478.83,490.52,436.95,2026-08,Table 3,37,15,Ministry of Road Transport & Highways,Roads & Highways,MORTH,MoRTH,,MoRTH,Transport & Logistics
617933,Up-gradation to four lane/ Two lane with paved shoulders configuration of Kalyan - Murbad - Malshej Ghat - Nirmal Road NH- 61 km 15/200 to Km 38/00 and from Km. 58/00 to Km 84/00 Design length 48.58 km of NH-61 on EPC Mode in Thane District in the state of Maharashtra,MoRTH,,,color,Maharashtra,Maharashtra,2023-02-01,2024-03-01,2026-02-01,2026-08-01,2026-02-01,984.07,,549.37,2026-08,Table 3,37,16,Ministry of Road Transport & Highways,Roads & Highways,MORTH,MoRTH,,MoRTH,Transport & Logistics
617944,Kashedi ghat tunnel NH-66 [Bhogaon Khurd - Kashedi section] 4 lanes under NHDP on EPC mode,MoRTH,,,color,Maharashtra,Maharashtra,2018-09-01,2018-10-01,2026-02-01,2021-04-01,2026-02-01,680.43,701.46,675.72,2026-08,Table 3,37,17,Ministry of Road Transport & Highways,Roads & Highways,MORTH,MoRTH,,MoRTH,Transport & Logistics
618046,Rehabilitation & Up-gradation of Sabalkhed to Ashti Section from Km 37900 to Km 55100 & Chinchpur to Jamkhed Section from km 70000 to km 72922 of NH- 561 to Two lane with Paved shoulder/ Four lane configuration in the State of Maharashtra on EPC Mode Length20.122km.,MoRTH,,,color,Maharashtra,Maharashtra,2022-03-01,2023-04-01,2025-09-01,2024-09-01,2025-09-01,213.33,,108.78,2026-08,Table 3,38,18,Ministry of Road Transport & Highways,Roads & Highways,MORTH,MoRTH,,MoRTH,Transport & Logistics
618090,Sarsam - Kothari of NH-161A - 2L PS from Km.33/00 to 90/00,MoRTH,,,color,Maharashtra,Maharashtra,2017-02-01,2017-06-01,2024-01-01,2019-06-01,2024-01-01,545.64,,350.38,2026-08,Table 3,38,19,Ministry of Road Transport & Highways,Roads & Highways,MORTH,MoRTH,,MoRTH,Transport & Logistics
618179,Rehabilitation and Upgradation of Shewali phata to Kalambhir section i.e. Km 0443 to Km 4500 & Nizampur to Chadwel section i.e. Km 13485 to Km 26265 Length16.317 Km excluding 2 Major Bridges with approaches Km 13735 to Km 14095 & Km 19660 to Km 20030 of NH 753B to 2LPS Configuration in the State of Maharashtra on EPC Mode.,MoRTH,,,color,Maharashtra,Maharashtra,2024-03-01,2024-08-01,2025-08-01,2026-02-01,2025-08-01,181.58,,125.04,2026-08,Table 3,38,20,Ministry of Road Transport & Highways,Roads & Highways,MORTH,MoRTH,,MoRTH,Transport & Logistics
618181,Rehabilitation / Upgradation to 4 Lane with Paved shoulder of Existing Section in Sillod Town with Design Ch. Km54500 to Km 60679 [Length6.179 km] section of NH 753F Aurangabad-Jalgaon road on EPC Mode in the State of Maharashtra,MoRTH,,,color,Maharashtra,Maharashtra,2023-03-01,2024-01-01,2025-12-01,2025-07-01,2025-12-01,153.79,,73.82,2026-08,Table 3,38,21,Ministry of Road Transport & Highways,Roads & Highways,MORTH,MoRTH,,MoRTH,Transport & Logistics
618188,Rehabilitation and Up-gradation to 2 lane with paved shoulder configuration of Mahud Sangola road NH 965 G 159400 to 161900and 162400 to 183960 Design Chainage from km. 32/300 to km. 34/800 and km. 35/800 to km. 56/860 Rigid Pavement on EPC mode in the State of Maharashtra.,MoRTH,,,color,Maharashtra,Maharashtra,2023-02-01,2023-11-01,2026-01-01,2025-05-01,2026-01-01,253.78,,127.54,2026-08,Table 3,38,22,Ministry of Road Transport & Highways,Roads & Highways,MORTH,MoRTH,,MoRTH,Transport & Logistics
618072,Widening to Existing single lane /intermediate lane to 2 lane from Km185.00 to Km 220.00 of NH-61 New NH-02 in the state of Nagaland.,MoRTH,,,color,Nagaland,Nagaland,2021-03-01,2022-07-01,2026-02-01,2024-07-01,2026-02-01,297.25,,175.31,2026-08,Table 3,38,23,Ministry of Road Transport & Highways,Roads & Highways,MORTH,MoRTH,,MoRTH,Transport & Logistics
618023,Work of Widening/upgradation of 2-Lane with paved shoulder of Sri Muktsar Sahib to Malout road from Km 279.400 to Km 307.060 section of NH-354 in the State of Punjab on EPC mode. Job No. NH-354-PB-2021-22-555,MoRTH,,,color,Punjab,Punjab,2022-03-01,2023-10-01,2026-03-01,2025-04-01,2026-03-01,152.58,,118.99,2026-08,Table 3,38,24,Ministry of Road Transport & Highways,Roads & Highways,MORTH,MoRTH,,MoRTH,Transport & Logistics
617995,Widening to Two Lane with Paved Shoulders from Km 67.000 to Km 114.425 of Kalwakurthy- Mallapally Section of NH 167 Erstwhile section of SH 18 in the State of Telangana on EPC mode under NH O Annual Plan 2016-17,MoRTH,,,color,Telangana,Telangana,2017-01-01,2017-05-01,2025-07-01,2019-05-01,2025-07-01,300.0,,249.02,2026-08,Table 3,38,25,Ministry of Road Transport & Highways,Roads & Highways,MORTH,MoRTH,,MoRTH,Transport & Logistics
617957,Construction of Jasra Bypass with four lane paved shoulder configurationfrom Km 379.670 on NH-76New NH-35 to Km 18.00 on NH-27New NH-30 on EPC in the State of Uttar Pradesh.,MoRTH,,,color,Uttar Pradesh,Uttar Pradesh,2023-02-01,2024-03-01,2025-09-01,2025-09-01,2025-09-01,274.06,,138.83,2026-08,Table 3,38,26,Ministry of Road Transport & Highways,Roads & Highways,MORTH,MoRTH,,MoRTH,Transport & Logistics
618165,Construction of 4-lane highway with paved shoulders from Km 49.155 to Km 74.700 of NH-731A on Hybrid Annuity Mode in the state of Uttar Pradesh,MoRTH,,,color,Uttar Pradesh,Uttar Pradesh,2022-01-01,2024-02-01,2026-06-01,2026-01-01,2026-06-01,1156.72,,534.81,2026-08,Table 3,38,27,Ministry of Road Transport & Highways,Roads & Highways,MORTH,MoRTH,,MoRTH,Transport & Logistics
618167,Rehabilitation & Upgradation of NH-731A from Km.0.00 to Km.35.00 to 2-lane with paved shoulder under EPC mode,MoRTH,,,color,Uttar Pradesh,Uttar Pradesh,2021-03-01,2022-08-01,2025-11-01,2023-08-01,2025-11-01,264.86,,145.42,2026-08,Table 3,38,28,Ministry of Road Transport & Highways,Roads & Highways,MORTH,MoRTH,,MoRTH,Transport & Logistics
618229,Rehabilitation and upgradation to 2-lane with paved sholuders configuration of Near Karri village-Etawah section Km30.000 to Km 57.346 Pakage-II of NH-92 in state of Uttar Pradesh undergreen national Highway Corridor Project GNHCP with the loan assistance of world Bank on EPC mode.,MoRTH,,,color,Uttar Pradesh,Uttar Pradesh,2020-04-01,2022-08-01,2025-04-01,2024-02-01,2025-04-01,211.09,206.56,171.85,2026-08,Table 3,38,29,Ministry of Road Transport & Highways,Roads & Highways,MORTH,MoRTH,,MoRTH,Transport & Logistics
618240,Rehabilitation and upgradation to 2-lane with paved sholuders configuration of Bewar-naer Karri village section Km0.00 to Km30.00 Pakage-I of NH-92 in state of Uttar Pradesh undergreen national Highway Corridor Project GNHCP with the loan assistance of world Bank on EPC mode.,MoRTH,,,color,Uttar Pradesh,Uttar Pradesh,2020-04-01,2022-09-01,2026-02-01,2024-03-01,2026-02-01,236.47,,162.51,2026-08,Table 3,38,30,Ministry of Road Transport & Highways,Roads & Highways,MORTH,MoRTH,,MoRTH,Transport & Logistics
618208,Construction and upgradation of existing road to 2-lane with paved shoulder from existing chainage Km 509.725 to Km 528.000 design chainage Km 490.550 to Km 507.850 of NH-58 new NH-07 Benakuli bend to Mana Village in EPC mode under Chardham Programme in the State of Uttarakhand.,MoRTH,,,color,Uttarakhand,Uttarakhand,2019-02-01,2019-11-01,2025-11-01,2021-10-01,2025-11-01,180.1,,176.62,2026-08,Table 3,38,31,Ministry of Road Transport & Highways,Roads & Highways,MORTH,MoRTH,,MoRTH,Transport & Logistics
618526,6L of Gundugolanu Design km 1023.280 to Kalaparru Design km 1050.680 of NH-5 New NH-16,NHAI,,,color,Andhra Pradesh,Andhra Pradesh,2018-10-01,2020-01-01,2023-07-01,2021-07-01,2023-07-01,665.59,665.59,643.97,2026-08,Table 3,38,32,Ministry of Road Transport & Highways,Roads & Highways,NHAI,National Highways Authority of India [NHAI],,MoRTH,Transport & Logistics
619090,8L of Dwarka Expressway Pkg-II RuB near Dwarka Sector 21-DL/HR Border from 5.300 Km.to 9.500 Km. of NH-248BB,NHAI,,,color,Delhi,Delhi,2018-01-01,2019-10-01,2025-08-01,2021-10-01,2025-08-01,2067.67,2670.22,2403.67,2026-08,Table 3,38,33,Ministry of Road Transport & Highways,Roads & Highways,NHAI,National Highways Authority of India [NHAI],,MoRTH,Transport & Logistics
618503,Ahmedabad - Dholera Pkg III from km. 48.52 to km. 71.06 [Vejallka Village - Start of DSIR zone],NHAI,,,color,Gujarat,Gujarat,2020-05-01,2021-07-01,2025-10-01,2023-07-01,2025-10-01,1034.04,1155.41,1125.8,2026-08,Table 3,38,34,Ministry of Road Transport & Highways,Roads & Highways,NHAI,National Highways Authority of India [NHAI],,MoRTH,Transport & Logistics
618504,Ahmedabad - Dholera Pkg IV from km. 71.06 to km. 109.019 [Start of DSIR zone - Adhelai Village],NHAI,,,color,Gujarat,Gujarat,2020-05-01,2021-12-01,2025-06-01,2023-12-01,2025-06-01,1181.76,1358.73,1222.79,2026-08,Table 3,38,35,Ministry of Road Transport & Highways,Roads & Highways,NHAI,National Highways Authority of India [NHAI],,MoRTH,Transport & Logistics
618680,6L Greenfield Kandili - Aluru Section of NH-130-CD Road from km 342500 to km 365033 Package-OD-8,NHAI,,,color,Odisha,Odisha,2021-12-01,2022-10-01,2026-09-01,2024-10-01,2026-09-01,1492.74,1912.84,1089.12,2026-08,Table 3,38,36,Ministry of Road Transport & Highways,Roads & Highways,NHAI,National Highways Authority of India [NHAI],,MoRTH,Transport & Logistics
619157,4 Laning of Talcher to end of Kamakhyanagar Bypass km 8.844 - km 15.725 of NH-149 and km 301.875 - km 335.946 of NH-53 Pkg-I,NHAI,,,color,Odisha,Odisha,2018-01-01,2019-02-01,2026-04-01,2021-08-01,2026-04-01,795.18,810.71,715.99,2026-08,Table 3,38,37,Ministry of Road Transport & Highways,Roads & Highways,NHAI,National Highways Authority of India [NHAI],,MoRTH,Transport & Logistics
619165,Thanamcherla-Jamandlapally 2LPS,NHAI,,,color,Telangana,Telangana,2013-11-01,2014-03-01,2018-01-01,2023-02-01,2018-01-01,177.18,18.65,8.3,2026-08,Table 3,39,38,Ministry of Road Transport & Highways,Roads & Highways,NHAI,National Highways Authority of India [NHAI],,MoRTH,Transport & Logistics
618883,Construction of Four Lane Highway form Ghazipur- Ballia-UP/Bihar State Border Greenfield section of NH-31 Package I [from Hridaipur km 0.000 to Shahapur km 42.500] on EPC Mode in the state of Uttar Pradesh.,NHAI,,,color,Uttar Pradesh,Uttar Pradesh,2022-10-01,2023-07-01,2026-06-01,2025-07-01,2026-06-01,1706.47,1579.59,1448.04,2026-08,Table 3,39,39,Ministry of Road Transport & Highways,Roads & Highways,NHAI,National Highways Authority of India [NHAI],,MoRTH,Transport & Logistics
618893,Varanasi Gorakhpur Section Packege IV from km. 149.540 to km. 215.160 Mau- Gorakhpur,NHAI,,,color,Uttar Pradesh,Uttar Pradesh,2015-04-01,2017-04-01,2024-12-01,2019-10-01,2024-12-01,2966.63,3475.65,3455.16,2026-08,Table 3,39,40,Ministry of Road Transport & Highways,Roads & Highways,NHAI,National Highways Authority of India [NHAI],,MoRTH,Transport & Logistics
619162,4L of Najibabad Bypass from Km. 105.423 to Km. 118.373 excluding 2.45 Km. of NH-74 Bypass of NH-119,NHAI,,,color,Uttar Pradesh,Uttar Pradesh,2022-01-01,2022-12-01,2026-03-01,2024-06-01,2026-03-01,578.02,566.9,440.93,2026-08,Table 3,39,41,Ministry of Road Transport & Highways,Roads & Highways,NHAI,National Highways Authority of India [NHAI],,MoRTH,Transport & Logistics
618454,"Earthwork in Formation, Road Work, Construction of Bridges, Blanketing, P. Way Linking works including Supply of P. Way Fittings and Track Ballast in connection with Construction of Railway Siding from Jogighopa Railway Station to MMLP at Jogighopa from Ch. 00 to 3760 on Item Rate basis Package -3, Railway Siding from Jogighopa Railway Station to MMLP",NHIDCL,,,color,Assam,Assam,2020-02-01,2020-12-01,2024-09-01,2022-06-01,2024-09-01,693.97,,40.17,2026-08,Table 3,39,42,Ministry of Road Transport & Highways,Roads & Highways,NHIDCL,National Highways & Infrastructure Development Corporation Ltd. [NHIDCL],,MoRTH,Transport & Logistics
618455,Development of External Trunk Connectivity and Internal Infrastructure Works at Multi Model Logistics ParkMMLP at Jogighopa in the State of Assam on EPC Mode Package-I Road and Utility Works,NHIDCL,,,color,Assam,Assam,2020-02-01,2020-09-01,2024-09-01,2022-04-01,2024-09-01,693.97,,308.85,2026-08,Table 3,39,43,Ministry of Road Transport & Highways,Roads & Highways,NHIDCL,National Highways & Infrastructure Development Corporation Ltd. [NHIDCL],,MoRTH,Transport & Logistics
618337,Widening to 2 -Lane with Paved shoulder of Imphal to Jiribam section of NH-37 from Design Chainage 33.000 km to 66.390 Km Existing Chainage from km 33.395 to km 67.496 on EPC Mode in Manipur PKG-3,NHIDCL,,,color,Manipur,Manipur,2021-03-01,2021-09-01,2026-02-01,2023-03-01,2026-02-01,467.0,,594.01,2026-08,Table 3,39,44,Ministry of Road Transport & Highways,Roads & Highways,NHIDCL,National Highways & Infrastructure Development Corporation Ltd. [NHIDCL],,MoRTH,Transport & Logistics
618347,Widening to 2-lane with Hard shoulder of Churachandpur to Tuivai Section of NH- 102B from km 13.747 to km 32.835 in the State of Manipur on EPC mode under NHO Package-1B,NHIDCL,,,color,Manipur,Manipur,2020-04-01,2020-07-01,2026-02-01,2022-06-01,2026-02-01,241.52,,164.85,2026-08,Table 3,39,45,Ministry of Road Transport & Highways,Roads & Highways,NHIDCL,National Highways & Infrastructure Development Corporation Ltd. [NHIDCL],,MoRTH,Transport & Logistics
618380,Widening and Up-gradation to 2- Lane with Paved Shoulder Configuration and geometric improvement from Km. 125. 000 to Km 166 Package-3 on Aizawl Tuipang Section of NH-54 in the State of Mizoram Package-3,NHIDCL,,,color,Mizoram,Mizoram,2019-09-01,2019-10-01,2026-07-01,2023-04-01,2026-07-01,867.09,,532.47,2026-08,Table 3,39,46,Ministry of Road Transport & Highways,Roads & Highways,NHIDCL,National Highways & Infrastructure Development Corporation Ltd. [NHIDCL],,MoRTH,Transport & Logistics
618393,"Construction for Mitigation Measures of 10 Nos. Landslides, 01 No. Sinking Zones and 1 No. of Minor Bridge in between at Ch. Km 368.00 to Km 433.00 on NH-07 on EPC Mode in Uttarakhand Package-1",NHIDCL,,,color,Uttarakhand,Uttarakhand,2023-12-01,2024-06-01,2026-07-01,2025-12-01,2026-07-01,216.68,,117.84,2026-08,Table 3,39,47,Ministry of Road Transport & Highways,Roads & Highways,NHIDCL,National Highways & Infrastructure Development Corporation Ltd. [NHIDCL],,MoRTH,Transport & Logistics
