source_month,source_table,source_page,ministry,sector,declared_count,declared_original_cost_cr,declared_revised_cost_cr,declared_expenditure_cr
2026-04,Table 6,56,Ministry of Civil Aviation,Aviation & Aviation Infrastructure,26,21600.76,,10762.01
2026-04,Table 6,61,Ministry of Coal,Coal,117,185612.91,,48260.78
2026-04,Table 6,61,Ministry of Coal,Electricity Generation,9,56050.64,,29405.74
2026-04,Table 6,62,Ministry of Coal,Railways,2,3485.86,,2338.96
2026-04,Table 6,62,Ministry of Power,Coal,2,2083.0,,1072.11
2026-04,Table 6,63,Ministry of Power,Electricity Generation,31,284729.2,,130569.01
2026-04,Table 6,67,Ministry of Power,Transmission & Distribution,69,208869.73,,69254.78
2026-04,Table 6,67,Ministry of Housing & Urban Affairs,Construction,1,644.0,,161.57
2026-04,Table 6,67,Ministry of Housing & Urban Affairs,Real Estate,4,33749.85,,14539.49
2026-04,Table 6,69,Ministry of Housing & Urban Affairs,Urban Public Transport,27,315168.47,,181938.72
2026-04,Table 6,69,Ministry of Housing & Urban Affairs,Waste & Water,19,4581.29,,3489.26
2026-04,Table 6,70,Ministry of Mines,Construction,1,255.37,,98.92
2026-04,Table 6,70,Ministry of Mines,Metals & Mining,5,7989.36,,7203.91
2026-04,Table 6,71,Department of Higher Education,Education,30,15165.68,,8310.52
2026-04,Table 6,71,Department of Sports,Education,1,906.47,,574.12
2026-04,Table 6,72,Ministry of Petroleum & Natural Gas,Energy Storage,16,80623.3,,101617.3
2026-04,Table 6,77,Ministry of Petroleum & Natural Gas,Oil & Gas,96,370568.19,,201674.19
2026-04,Table 6,78,Ministry of Health & Family Welfare,Healthcare,23,17252.19,,8356.63
2026-04,Table 6,78,Ministry of Labour and Employment,Healthcare,11,2871.72,,1590.0
2026-04,Table 6,79,"Ministry of Ports, Shipping and Waterways",Inland Waterways,1,5369.18,,3990.06
2026-04,Table 6,79,"Ministry of Ports, Shipping and Waterways",Shipping,5,13572.5,,10569.44
2026-04,Table 6,79,"Ministry of Ports, Shipping and Waterways","Tourism, Hospitality & Wellness",1,573.0,,614.91
2026-04,Table 6,79,Department for Promotion of Industry & Internal Trade,Logistics Infrastructure,1,763.0,,430.0
2026-04,Table 6,79,Department for Promotion of Industry & Internal Trade,Real Estate,7,15586.25,,1244.36
2026-04,Table 6,79,Ministry of Steel,Metals & Mining,1,1700.0,,258.41
2026-04,Table 6,80,Ministry of Steel,Steel,18,17811.66,,10073.03
2026-04,Table 6,92,Ministry of Railways,Railways,260,718136.25,,578946.8
2026-04,Table 6,159,Ministry of Road Transport & Highways,Roads & Highways,1137,1054522.87,,369901.55
2026-04,Table 6,160,Department of Telecommunications,Telecommunication,12,151125.15,,77035.7
2026-04,Table 6,160,"Department of Water Resources, River Development & GR",Waste & Water,8,4039.12,,1643.05
2026-04,Table 6,162,"Department of Water Resources, River Development & GR",Water Resources,40,117255.04,,160182.16
2026-04,Table 3,35,Ministry of Housing & Urban Affairs,Waste & Water,4,950.46,,783.97
2026-04,Table 3,35,Ministry of Labour and Employment,Healthcare,1,152.95,,130.22
2026-04,Table 3,35,Ministry of Power,Transmission & Distribution,2,1022.74,,1022.74
2026-04,Table 3,35,Ministry of Railways,Railways,1,4027.53,,4924.05
2026-04,Table 3,35,Ministry of Road Transport & Highways,Roads & Highways,1,1097.81,,316.23
2026-04,Table 4,37,Department for Promotion of Industry & Internal Trade,Real Estate,5,11745.0,,
2026-04,Table 4,37,Department of Higher Education,Education,1,454.27,,
2026-04,Table 4,37,Ministry of Coal,Coal,1,1354.2,,
2026-04,Table 4,37,Ministry of Coal,Electricity Generation,1,4147.07,,
2026-04,Table 4,37,Ministry of Housing & Urban Affairs,Urban Public Transport,1,15611.0,,
2026-04,Table 4,37,Ministry of Housing & Urban Affairs,Waste & Water,1,142.46,,
2026-04,Table 4,37,Ministry of Petroleum & Natural Gas,Energy Storage,1,483.14,,
2026-04,Table 4,37,Ministry of Petroleum & Natural Gas,Oil & Gas,3,6856.59,,
2026-04,Table 4,37,Ministry of Power,Electricity Generation,3,33383.04,,
2026-04,Table 4,38,Ministry of Power,Transmission & Distribution,3,2815.0,,
2026-04,Table 4,38,Ministry of Railways,Railways,17,33917.64,,
2026-04,Table 4,39,Ministry of Road Transport & Highways,Roads & Highways,18,20976.25,,
2026-05,Table 6,55,Ministry of Civil Aviation,Aviation & Aviation Infrastructure,26,21600.76,,11077.33
2026-05,Table 6,60,Ministry of Coal,Coal,113,183618.68,,47831.3
2026-05,Table 6,60,Ministry of Coal,Electricity Generation,6,36781.81,,6331.46
2026-05,Table 6,60,Ministry of Coal,Railways,2,3485.86,,2338.96
2026-05,Table 6,60,Ministry of Power,Coal,2,2083.0,,1033.41
2026-05,Table 6,62,Ministry of Power,Electricity Generation,32,314074.05,,134193.75
2026-05,Table 6,66,Ministry of Power,Transmission & Distribution,67,203895.17,,66309.18
2026-05,Table 6,66,Ministry of Housing & Urban Affairs,Construction,1,644.0,,161.57
2026-05,Table 6,66,Ministry of Housing & Urban Affairs,Real Estate,4,33749.85,,15088.0
2026-05,Table 6,67,Ministry of Housing & Urban Affairs,Urban Public Transport,29,307834.71,,171812.91
2026-05,Table 6,68,Ministry of Housing & Urban Affairs,Waste & Water,16,3986.5,,3156.09
2026-05,Table 6,68,Ministry of Mines,Construction,1,255.37,,98.92
2026-05,Table 6,68,Ministry of Mines,Metals & Mining,5,7989.36,,7250.79
2026-05,Table 6,70,Department of Higher Education,Education,30,15165.68,,8352.55
2026-05,Table 6,70,Department of Sports,Education,1,906.47,,575.68
2026-05,Table 6,71,Ministry of Petroleum & Natural Gas,Energy Storage,16,80623.3,,103092.24
2026-05,Table 6,75,Ministry of Petroleum & Natural Gas,Oil & Gas,93,362529.04,,383046.09
2026-05,Table 6,77,Ministry of Health & Family Welfare,Healthcare,35,20308.19,,10306.26
2026-05,Table 6,77,Ministry of Labour and Employment,Healthcare,9,2299.24,,1160.04
2026-05,Table 6,77,"Ministry of Ports, Shipping and Waterways",Inland Waterways,1,5369.18,,4028.82
2026-05,Table 6,78,"Ministry of Ports, Shipping and Waterways",Shipping,6,14404.75,,10819.98
2026-05,Table 6,78,"Ministry of Ports, Shipping and Waterways","Tourism, Hospitality & Wellness",1,573.0,,624.41
2026-05,Table 6,78,Department for Promotion of Industry & Internal Trade,Logistics Infrastructure,2,2243.0,,430.0
2026-05,Table 6,78,Department for Promotion of Industry & Internal Trade,Real Estate,8,16507.91,,1457.75
2026-05,Table 6,79,Ministry of Steel,Metals & Mining,1,1700.0,,263.01
2026-05,Table 6,79,Ministry of Steel,Steel,18,17811.66,,10473.83
2026-05,Table 6,91,Ministry of Railways,Railways,261,728025.49,,583861.87
2026-05,Table 6,159,Ministry of Road Transport & Highways,Roads & Highways,1149,1067985.07,,377507.67
2026-05,Table 6,160,Department of Telecommunications,Telecommunication,12,151125.15,,76237.25
2026-05,Table 6,160,"Department of Water Resources, River Development & GR",Waste & Water,8,4039.12,,1643.05
2026-05,Table 6,162,"Department of Water Resources, River Development & GR",Water Resources,32,98109.28,,141119.02
2026-05,Table 3,35,Ministry of Coal,Electricity Generation,3,19268.83,,23210.44
2026-05,Table 3,35,Ministry of Housing & Urban Affairs,Urban Public Transport,1,10773.0,,12521.43
2026-05,Table 3,35,Ministry of Housing & Urban Affairs,Waste & Water,2,384.79,,365.42
2026-05,Table 3,35,Ministry of Labour and Employment,Healthcare,2,572.48,,471.98
2026-05,Table 3,35,Ministry of Petroleum & Natural Gas,Oil & Gas,4,12261.55,,8365.03
2026-05,Table 3,35,Ministry of Power,Transmission & Distribution,2,4974.56,,4974.56
2026-05,Table 3,35,Ministry of Road Transport & Highways,Roads & Highways,2,1863.69,,894.06
2026-05,Table 4,37,Department for Promotion of Industry & Internal Trade,Logistics Infrastructure,1,1480.0,,
2026-05,Table 4,37,Department for Promotion of Industry & Internal Trade,Real Estate,1,921.66,,
2026-05,Table 4,37,Ministry of Health & Family Welfare,Healthcare,12,3056.0,,
2026-05,Table 4,37,Ministry of Housing & Urban Affairs,Urban Public Transport,3,3439.24,,
2026-05,Table 4,37,Ministry of Petroleum & Natural Gas,Oil & Gas,1,3713.4,,
2026-05,Table 4,37,"Ministry of Ports, Shipping and Waterways",Shipping,1,832.25,,
2026-05,Table 4,37,Ministry of Power,Electricity Generation,1,29344.85,,
2026-05,Table 4,38,Ministry of Railways,Railways,1,9889.24,,
2026-05,Table 4,38,Ministry of Road Transport & Highways,Roads & Highways,14,15363.24,,
2026-06,Table 6,60,Ministry of Civil Aviation,Aviation & Aviation Infrastructure,25,21345.07,,11209.22
2026-06,Table 6,65,Ministry of Coal,Coal,113,182823.26,,50030.39
2026-06,Table 6,65,Ministry of Coal,Electricity Generation,6,36781.81,,6166.01
2026-06,Table 6,65,Ministry of Coal,Railways,2,3485.86,,2505.92
2026-06,Table 6,65,Ministry of Power,Coal,2,2083.0,,1053.41
2026-06,Table 6,67,Ministry of Power,Electricity Generation,32,314074.05,,136477.31
2026-06,Table 6,70,Ministry of Power,Transmission & Distribution,64,197615.23,,65919.46
2026-06,Table 6,71,Ministry of Housing & Urban Affairs,Construction,1,644.0,,175.79
2026-06,Table 6,71,Ministry of Housing & Urban Affairs,Real Estate,4,33749.85,,15088.0
2026-06,Table 6,72,Ministry of Housing & Urban Affairs,Urban Public Transport,29,307834.71,,172729.8
2026-06,Table 6,73,Ministry of Housing & Urban Affairs,Waste & Water,16,3986.5,,3150.88
2026-06,Table 6,73,Ministry of Mines,Construction,1,255.37,,98.92
2026-06,Table 6,73,Ministry of Mines,Metals & Mining,5,7989.36,,7351.9
2026-06,Table 6,75,Department of Higher Education,Education,30,15165.68,,8423.25
2026-06,Table 6,75,Department of Sports,Education,1,906.47,,576.37
2026-06,Table 6,76,Ministry of Petroleum & Natural Gas,Energy Storage,14,36838.3,,32754.43
2026-06,Table 6,80,Ministry of Petroleum & Natural Gas,Oil & Gas,91,362124.04,,386636.12
2026-06,Table 6,82,Ministry of Health & Family Welfare,Healthcare,35,20308.19,,10433.53
2026-06,Table 6,82,Ministry of Labour and Employment,Healthcare,9,2299.24,,1160.08
2026-06,Table 6,82,"Ministry of Ports, Shipping and Waterways",Inland Waterways,1,5369.18,,4117.61
2026-06,Table 6,82,"Ministry of Ports, Shipping and Waterways",Shipping,6,14404.75,,10971.96
2026-06,Table 6,83,"Ministry of Ports, Shipping and Waterways","Tourism, Hospitality & Wellness",1,573.0,,636.91
2026-06,Table 6,83,Department for Promotion of Industry & Internal Trade,Logistics Infrastructure,1,763.0,,430.0
2026-06,Table 6,83,Department for Promotion of Industry & Internal Trade,Real Estate,8,16507.91,,1742.34
2026-06,Table 6,83,Ministry of Steel,Metals & Mining,1,1700.0,,263.01
2026-06,Table 6,84,Ministry of Steel,Steel,17,17297.84,,10585.12
2026-06,Table 6,96,Ministry of Railways,Railways,255,721177.95,,581963.35
2026-06,Table 6,157,Ministry of Road Transport & Highways,Roads & Highways,1022,,,448972.5
2026-06,Table 6,158,Department of Telecommunications,Telecommunication,15,161792.15,,79930.24
2026-06,Table 6,158,"Department of Water Resources, River Development & GR",Waste & Water,8,4039.12,,1655.55
2026-06,Table 6,159,"Department of Water Resources, River Development & GR",Water Resources,32,98109.28,,143454.17
2026-06,Table 3,36,Ministry of Civil Aviation,Aviation & Aviation Infrastructure,1,255.69,,161.06
2026-06,Table 3,36,Ministry of Petroleum & Natural Gas,Energy Storage,2,43785.0,,70840.14
2026-06,Table 3,36,Ministry of Petroleum & Natural Gas,Oil & Gas,2,405.0,,264.16
2026-06,Table 3,36,Ministry of Power,Transmission & Distribution,3,6279.94,,6255.25
2026-06,Table 3,41,Ministry of Road Transport & Highways,Roads & Highways,121,104751.18,,80525.34
2026-06,Table 3,42,Ministry of Steel,Steel,1,513.82,,415.18
2026-06,Table 4,44,Department of Telecommunications,Telecommunication,3,10667.0,,
2026-06,Table 4,44,Ministry of Road Transport & Highways,Roads & Highways,14,11374.75,,
2026-07,Table 6,56,Ministry of Civil Aviation,Aviation & Aviation Infrastructure,25,21345.07,,11586.47
2026-07,Table 6,61,Ministry of Coal,Coal,113,182494.77,,51305.23
2026-07,Table 6,61,Ministry of Coal,Electricity Generation,6,36781.81,,6354.71
2026-07,Table 6,61,Ministry of Coal,Railways,2,3485.86,,2577.5
2026-07,Table 6,61,Ministry of Power,Coal,2,2083.0,,1063.43
2026-07,Table 6,63,Ministry of Power,Electricity Generation,33,352432.05,,140445.0
2026-07,Table 6,66,Ministry of Power,Transmission & Distribution,63,197390.82,,68896.68
2026-07,Table 6,67,Ministry of Housing & Urban Affairs,Construction,1,644.0,,188.69
2026-07,Table 6,67,Ministry of Housing & Urban Affairs,Real Estate,4,33749.85,,15090.75
2026-07,Table 6,68,Ministry of Housing & Urban Affairs,Urban Public Transport,30,320872.37,,178627.24
2026-07,Table 6,69,Ministry of Housing & Urban Affairs,Waste & Water,15,3750.55,,2930.11
2026-07,Table 6,69,Ministry of Mines,Construction,1,255.37,,98.94
2026-07,Table 6,69,Ministry of Mines,Metals & Mining,5,7989.36,,7400.84
2026-07,Table 6,71,Department of Higher Education,Education,30,15165.68,,8632.49
2026-07,Table 6,71,Department of Sports,Education,1,906.47,,577.32
2026-07,Table 6,72,Ministry of Petroleum & Natural Gas,Energy Storage,12,25151.96,,23048.58
2026-07,Table 6,76,Ministry of Petroleum & Natural Gas,Oil & Gas,91,362394.1,,204670.66
2026-07,Table 6,77,Ministry of Health & Family Welfare,Healthcare,35,21050.26,,10844.0
2026-07,Table 6,78,Ministry of Labour and Employment,Healthcare,9,2299.24,,1194.92
2026-07,Table 6,78,"Ministry of Ports, Shipping and Waterways",Inland Waterways,1,5369.18,,4187.19
2026-07,Table 6,78,"Ministry of Ports, Shipping and Waterways",Shipping,4,7572.5,,5245.77
2026-07,Table 6,78,"Ministry of Ports, Shipping and Waterways","Tourism, Hospitality & Wellness",1,573.0,,656.38
2026-07,Table 6,78,Department for Promotion of Industry & Internal Trade,Logistics Infrastructure,1,763.0,,430.0
2026-07,Table 6,79,Department for Promotion of Industry & Internal Trade,Real Estate,11,20480.02,,1893.94
2026-07,Table 6,79,Ministry of Steel,Metals & Mining,1,1700.0,,292.01
2026-07,Table 6,80,Ministry of Steel,Steel,26,24624.69,,12876.92
2026-07,Table 6,89,Ministry of Railways,Railways,190,465721.36,,459390.96
2026-07,Table 6,149,Ministry of Road Transport & Highways,Roads & Highways,993,945370.67,,460544.81
2026-07,Table 6,150,Department of Telecommunications,Telecommunication,31,207194.71,,102879.15
2026-07,Table 6,151,"Department of Water Resources, River Development & GR",Waste & Water,8,4039.12,,1658.37
2026-07,Table 6,152,"Department of Water Resources, River Development & GR",Water Resources,30,96487.38,,140510.51
2026-07,Table 3,36,"Department of Water Resources, River Development & GR",Water Resources,1,1402.0,,1839.76
2026-07,Table 3,36,Ministry of Housing & Urban Affairs,Waste & Water,1,235.95,,220.77
2026-07,Table 3,36,Ministry of Petroleum & Natural Gas,Energy Storage,2,11686.34,,9869.76
2026-07,Table 3,36,Ministry of Power,Transmission & Distribution,1,224.41,,224.41
2026-07,Table 3,37,Ministry of Road Transport & Highways,Roads & Highways,20,11456.33,,9916.17
2026-07,Table 4,39,Department for Promotion of Industry & Internal Trade,Real Estate,3,3972.11,,
2026-07,Table 4,39,Department of Telecommunications,Telecommunication,16,45402.56,,
2026-07,Table 4,39,Ministry of Housing & Urban Affairs,Urban Public Transport,1,13037.66,,
2026-07,Table 4,39,Ministry of Power,Electricity Generation,1,38358.0,,
2026-07,Table 4,40,Ministry of Road Transport & Highways,Roads & Highways,6,3509.62,,
2026-07,Table 4,40,Ministry of Steel,Steel,9,7326.85,,
2026-08,Table 6,58,Ministry of Civil Aviation,Aviation & Aviation Infrastructure,26,,,11903.84
2026-08,Table 6,63,Ministry of Coal,Coal,114,,,48745.33
2026-08,Table 6,63,Ministry of Coal,Electricity Generation,6,,,6466.16
2026-08,Table 6,63,Ministry of Coal,Railways,2,,,2577.5
2026-08,Table 6,64,Ministry of Power,Coal,2,,,1071.32
2026-08,Table 6,65,Ministry of Power,Electricity Generation,33,,,143353.23
2026-08,Table 6,69,Ministry of Power,Transmission & Distribution,67,,,72152.52
2026-08,Table 6,69,Ministry of Housing & Urban Affairs,Construction,1,,,206.31
2026-08,Table 6,69,Ministry of Housing & Urban Affairs,Real Estate,4,,,15093.97
2026-08,Table 6,70,Ministry of Housing & Urban Affairs,Urban Public Transport,29,,,144664.19
2026-08,Table 6,71,Ministry of Housing & Urban Affairs,Waste & Water,15,,,2952.39
2026-08,Table 6,71,Ministry of Mines,Construction,1,,,98.96
2026-08,Table 6,72,Ministry of Mines,Metals & Mining,5,,,7496.81
2026-08,Table 6,73,Department of Higher Education,Education,31,,,8348.85
2026-08,Table 6,73,Department of Sports,Education,1,,,577.32
2026-08,Table 6,74,Ministry of Petroleum & Natural Gas,Energy Storage,13,,,23358.06
2026-08,Table 6,79,Ministry of Petroleum & Natural Gas,Oil & Gas,104,,,206954.5
2026-08,Table 6,80,Ministry of Health & Family Welfare,Healthcare,24,,,9637.14
2026-08,Table 6,80,Ministry of Labour and Employment,Healthcare,9,,,1249.55
2026-08,Table 6,80,Department for Promotion of Industry & Internal Trade,Logistics Infrastructure,1,,,430.0
2026-08,Table 6,81,Department for Promotion of Industry & Internal Trade,Real Estate,11,,,2094.58
2026-08,Table 6,81,Ministry of Steel,Metals & Mining,3,,,309.8
2026-08,Table 6,82,Ministry of Steel,Steel,26,,,13363.58
2026-08,Table 6,89,Ministry of Railways,Railways,147,,,185840.1
2026-08,Table 6,148,Ministry of Road Transport & Highways,Roads & Highways,982,,,510396.35
2026-08,Table 6,148,"Ministry of Ports, Shipping and Waterways",Shipping,4,,,5404.77
2026-08,Table 6,148,"Ministry of Ports, Shipping and Waterways","Tourism, Hospitality & Wellness",1,,,674.35
2026-08,Table 6,150,Department of Telecommunications,Telecommunication,31,,,64410.07
2026-08,Table 6,150,"Department of Water Resources, River Development & GR",Waste & Water,8,,,1833.61
2026-08,Table 6,152,"Department of Water Resources, River Development & GR",Water Resources,30,,,140895.38
2026-08,Table 3,37,Department of Higher Education,Education,2,,,880.16
2026-08,Table 3,37,Ministry of Housing & Urban Affairs,Urban Public Transport,1,,,36139.24
2026-08,Table 3,37,Ministry of Petroleum & Natural Gas,Oil & Gas,1,,,895.3
2026-08,Table 3,37,"Ministry of Ports, Shipping and Waterways",Inland Waterways,1,,,4220.81
2026-08,Table 3,39,Ministry of Road Transport & Highways,Roads & Highways,42,,,21779.33
2026-08,Table 4,41,Department of Higher Education,Education,4,,,
2026-08,Table 4,41,Ministry of Civil Aviation,Aviation & Aviation Infrastructure,1,,,
2026-08,Table 4,41,Ministry of Coal,Coal,1,,,
2026-08,Table 4,41,Ministry of Petroleum & Natural Gas,Energy Storage,1,,,
2026-08,Table 4,41,Ministry of Petroleum & Natural Gas,Oil & Gas,14,,,
2026-08,Table 4,42,Ministry of Power,Transmission & Distribution,4,,,
2026-08,Table 4,42,Ministry of Road Transport & Highways,Roads & Highways,10,,,
2026-08,Table 4,42,Ministry of Steel,Metals & Mining,2,,,
