project_code,project_name,agency_raw,legacy_ocms_code,pmg_id,name_parse_method,state_label,states,date_of_approval,start_date,original_doc,revised_doc,original_cost_cr,revised_cost_cr,source_month,source_table,source_page,sl_no,ministry,sector,agency_key,agency,agency_parent,ministry_short,hml_category
617727,Orvakal Industrial Area,NICDC,,,color,Andhra Pradesh,Andhra Pradesh,2024-08-01,2025-10-01,2028-10-01,,2786.0,,2026-04,Table 4,37,1,Department for Promotion of Industry & Internal Trade,Real Estate,NICDC,NICDC,,DPIIT,Social & Commercial
617729,Kopparthy Industrial Area,NICDC,,,color,Andhra Pradesh,Andhra Pradesh,2024-08-01,2025-10-01,2028-10-01,,2136.0,,2026-04,Table 4,37,2,Department for Promotion of Industry & Internal Trade,Real Estate,NICDC,NICDC,,DPIIT,Social & Commercial
701668,Development of Palakkad Node under extension of CBIC to Kochi,National Industrial Corridor Development Corporation,,,color,Kerala,Kerala,2024-08-01,2025-10-01,2029-04-01,,3805.0,,2026-04,Table 4,37,3,Department for Promotion of Industry & Internal Trade,Real Estate,national industrial corridor development corporation,National Industrial Corridor Development Corporation,,DPIIT,Social & Commercial
601812,Development of Zaheerabad Node under Hyderabad Nagpur Industrial Corridor,National Industrial Corridor Development Corporation,,,color,Telangana,Telangana,2024-08-01,2026-02-01,2029-01-01,,2360.0,,2026-04,Table 4,37,4,Department for Promotion of Industry & Internal Trade,Real Estate,national industrial corridor development corporation,National Industrial Corridor Development Corporation,,DPIIT,Social & Commercial
707419,IMC at Prayagraj,National Industrial Corridor Development Corporation,,,color,Uttar Pradesh,Uttar Pradesh,2024-08-01,2026-04-01,2028-12-01,,658.0,,2026-04,Table 4,37,5,Department for Promotion of Industry & Internal Trade,Real Estate,national industrial corridor development corporation,National Industrial Corridor Development Corporation,,DPIIT,Social & Commercial
611961,Construction of IIT Bhubaneswar -Phase III,"Indian Institute of Technology, Bhubaneshwar",,,color,Odisha,Odisha,2024-02-01,2024-05-01,2026-11-01,,454.27,,2026-04,Table 4,37,6,Department of Higher Education,Education,indian institute of technology bhubaneshwar,"Indian Institute of Technology, Bhubaneshwar",,DoHE,Social & Commercial
617764,North Dhadu Western Part OCP,NLC India Limited [NLCIL],,,color,Jharkhand,Jharkhand,2023-10-01,2023-12-01,2029-03-01,,1354.2,,2026-04,Table 4,37,7,Ministry of Coal,Coal,NLCIL,NLC India Limited [NLCIL],,MoC,Others
618981,810 MW Solar Power Project - Rajasthan,NLC India Limited [NLCIL],,,color,Rajasthan,Rajasthan,2024-10-01,2025-09-01,2028-03-01,,4147.07,,2026-04,Table 4,37,8,Ministry of Coal,Electricity Generation,NLCIL,NLC India Limited [NLCIL],,MoC,Energy
612878,Bangalore Metro Rail Project - PHASE-3,Bengaluru Metro Rail,,,color,Karnataka,Karnataka,2026-06-01,,2031-05-01,,15611.0,,2026-04,Table 4,37,9,Ministry of Housing & Urban Affairs,Urban Public Transport,bengaluru metro rail,Bengaluru Metro Rail,,MoHUA,Transport & Logistics
702958,Lucknow Sewerage Management Infrastructure Project,Ministry of Housing & Urban Affairs,,,color,Uttar Pradesh,Uttar Pradesh,2019-05-01,,2023-03-01,2026-05-01,142.46,173.21,2026-04,Table 4,37,10,Ministry of Housing & Urban Affairs,Waste & Water,ministry of housing and urban affairs,Ministry of Housing & Urban Affairs,,MoHUA,Water & Sanitation
619313,Setting up of 50 MW [plus/minus 5 percent] Wind Power Plant for Captive Consumption at MR,MinistryofPetroleumNaturalGas,,,color,Maharashtra,Maharashtra,2023-05-01,2023-05-01,2027-04-01,2027-04-01,483.14,483.14,2026-04,Table 4,37,11,Ministry of Petroleum & Natural Gas,Energy Storage,ministryofpetroleumnaturalgas,MinistryofPetroleumNaturalGas,,MoPNG,Energy
619316,"Group Gathering Station, Lakwagaon",Ministry of Petroleum & Natural Gas,,,color,Assam,Assam,2025-10-01,2025-10-01,2027-10-01,2027-10-01,495.59,495.59,2026-04,Table 4,37,12,Ministry of Petroleum & Natural Gas,Oil & Gas,ministry of petroleum and natural gas,Ministry of Petroleum & Natural Gas,,MoPNG,Energy
619314,Pipeline Replacement Project- PRP-IX,Ministry of Petroleum & Natural Gas,,,color,Offshore,,2025-08-01,2025-08-01,2027-05-01,,6175.0,,2026-04,Table 4,37,13,Ministry of Petroleum & Natural Gas,Oil & Gas,ministry of petroleum and natural gas,Ministry of Petroleum & Natural Gas,,MoPNG,Energy
619312,Bulk Loading Hub- Kanpur,MinistryofPetroleumNaturalGas,,,color,Uttar Pradesh,Uttar Pradesh,2025-09-01,2025-09-01,2027-09-01,2027-09-01,186.0,186.0,2026-04,Table 4,37,14,Ministry of Petroleum & Natural Gas,Oil & Gas,ministryofpetroleumnaturalgas,MinistryofPetroleumNaturalGas,,MoPNG,Energy
619311,Kalai-II Hydro Electric Project [1200 MW],THDC India Limited,,,color,Arunachal Pradesh,Arunachal Pradesh,2026-04-01,2026-04-01,2032-10-01,,14105.83,,2026-04,Table 4,37,15,Ministry of Power,Electricity Generation,thdc india limited,THDC India Limited,,MoP,Energy
611716,700 MW Tato-II HE Project,North Eastern Electric Power Corporation Limited,,,color,Arunachal Pradesh,Arunachal Pradesh,2025-09-01,2025-09-01,2031-09-01,,8146.21,,2026-04,Table 4,37,16,Ministry of Power,Electricity Generation,north eastern electric power corporation limited,North Eastern Electric Power Corporation Limited,,MoP,Energy
619056,"Darlipali Super Thermal Power Project, Stage-II [1x800 MW]",National Thermal Power Corporation [NTPC],,,color,Odisha,Odisha,2025-11-01,2025-11-01,2031-01-01,,11131.0,,2026-04,Table 4,37,17,Ministry of Power,Electricity Generation,NTPC,National Thermal Power Corporation [NTPC],,MoP,Energy
615336,Transmission system for evacuation of Power from REZ in Rajasthan [20 GW] under phase-III Part-D Phase-II,Power Grid Corporation of India Limited [POWERGRID],,,color,Delhi,Delhi,2023-11-01,2024-10-01,2026-02-01,2026-12-01,284.0,,2026-04,Table 4,37,18,Ministry of Power,Transmission & Distribution,POWERGRID,Power Grid Corporation of India Limited [POWERGRID],,MoP,Energy
619228,Transmission System Strengthening for integration of additional RE Potential at Davanagere [0.25 GW] and Bellary [2.75 GW],Power Grid Corporation of India Limited [POWERGRID],,,color,Karnataka,Karnataka,2026-02-01,2026-02-01,2028-02-01,,1111.0,,2026-04,Table 4,38,19,Ministry of Power,Transmission & Distribution,POWERGRID,Power Grid Corporation of India Limited [POWERGRID],,MoP,Energy
619227,Network Expansion Scheme in Maharashtra for removal of Transmission constraints in Pune Region-I [765/400kV AIS Pune East],Power Grid Corporation of India Limited [POWERGRID],,,color,Maharashtra,Maharashtra,2026-03-01,2026-03-01,2028-03-01,,1420.0,,2026-04,Table 4,38,20,Ministry of Power,Transmission & Distribution,POWERGRID,Power Grid Corporation of India Limited [POWERGRID],,MoP,Energy
617239,Doubling of Narkatiaganj Raxaul Sitamarhi Darbhanga & Sitamarhi Muzaffarpur 256 KM,East Central Railway [ECR] - I,,,color,Bihar,Bihar,2024-11-01,2025-11-01,2029-11-01,,4079.95,,2026-04,Table 4,38,21,Ministry of Railways,Railways,east central railway ecr i,East Central Railway [ECR] - I,,MoR,Transport & Logistics
706865,Chandargaon - Cansaulium Rail Flyover Project [16 Km],South Western Railway [SWR] - II,,,color,Goa,Goa,2026-04-01,,2031-03-01,,1892.0,,2026-04,Table 4,38,22,Ministry of Railways,Railways,south western railway swr ii,South Western Railway [SWR] - II,,MoR,Transport & Logistics
617880,Desalpar-Hajipir-Luna and Vayor-Lakhpat New Line,Western Railway [WR] - II,,,color,Gujarat,Gujarat,2025-09-01,2025-09-01,2028-09-01,,2526.47,,2026-04,Table 4,38,23,Ministry of Railways,Railways,western railway wr ii,Western Railway [WR] - II,,MoR,Transport & Logistics
616983,Kosamba Umarpada GC PROJECT,Ministry of Railways-,,,color,Gujarat,Gujarat,2023-07-01,2023-07-01,2027-06-01,,467.58,,2026-04,Table 4,38,24,Ministry of Railways,Railways,ministry of railways,Ministry of Railways,,MoR,Transport & Logistics
705747,Parasnath-Madhuban-Giridih new line,East Central Railway [ECR] - I,,,color,Jharkhand,Jharkhand,2019-03-01,2019-03-01,2024-03-01,2026-03-01,902.86,,2026-04,Table 4,38,25,Ministry of Railways,Railways,east central railway ecr i,East Central Railway [ECR] - I,,MoR,Transport & Logistics
705762,Construction of New BG line between Hassan [Alur] to Belur [ Km 27.34],South Western Railway [SWR] - II,,,color,Karnataka,Karnataka,2019-06-01,2022-09-01,2027-04-01,2027-12-01,748.86,,2026-04,Table 4,38,26,Ministry of Railways,Railways,south western railway swr ii,South Western Railway [SWR] - II,,MoR,Transport & Logistics
705493,Hubli-Ankola New Line Project [164.44 km],South Western Railway [SWR] - II,,,color,Karnataka,Karnataka,1999-01-01,2000-01-01,2005-03-01,2030-03-01,5174.0,,2026-04,Table 4,38,27,Ministry of Railways,Railways,south western railway swr ii,South Western Railway [SWR] - II,,MoR,Transport & Logistics
705464,Bangalore-Satyamanglam New Line Project [260 Km] - Part Hejjala - Chamarajanagar [142 Km],South Western Railway [SWR] - II,,,color,Karnataka,Karnataka,1999-02-01,2026-07-01,2031-12-01,,1382.78,,2026-04,Table 4,38,28,Ministry of Railways,Railways,south western railway swr ii,South Western Railway [SWR] - II,,MoR,Transport & Logistics
612845,Gauge Conversion of Pachora-Jamner with Extension upto Malkapur [Bodwad] [84.34 Kms],Central Railway [CR] - II,,,color,Maharashtra,Maharashtra,2022-08-01,2026-01-01,2028-07-01,,955.39,,2026-04,Table 4,38,29,Ministry of Railways,Railways,central railway cr ii,Central Railway [CR] - II,,MoR,Transport & Logistics
705497,Wardha - Yavatmal Nanded Railway Line Project,Central Railways,,,color,Maharashtra,Maharashtra,2008-02-01,2013-04-01,2026-12-01,,3445.34,4030.69,2026-04,Table 4,38,30,Ministry of Railways,Railways,central railways,Central Railways,,MoR,Transport & Logistics
705396,Byrnihat-Shillong New Rail Line- 108 km,Northeast Frontier Railway [NFR],,,color,Meghalaya,Meghalaya,2011-04-01,2010-03-01,2021-03-01,2027-03-01,8324.28,8342.28,2026-04,Table 4,38,31,Ministry of Railways,Railways,NFR,Northeast Frontier Railway [NFR],,MoR,Transport & Logistics
705394,Tetlia-Byrnihat New Railway Line,Northeast Frontier Railway [NFR],,,color,Multi-States,Assam; Meghalaya,2010-08-01,2007-03-01,2011-11-01,2027-06-01,1304.62,1304.62,2026-04,Table 4,38,32,Ministry of Railways,Railways,NFR,Northeast Frontier Railway [NFR],,MoR,Transport & Logistics
615915,Rourkela-Bondamunda A-Cabin 5th line [9.6 km],CAO/C/SER,,,color,Odisha,Odisha,2022-09-01,2023-12-01,2026-03-01,,244.99,,2026-04,Table 4,38,33,Ministry of Railways,Railways,cao c ser,CAO/C/SER,,MoR,Transport & Logistics
616839,Naupada-Gunupur - New line upto Theruvali [73.62 km],Indian Railway,,,color,Odisha,Odisha,2024-08-01,2026-04-01,2029-12-01,,1165.89,,2026-04,Table 4,38,34,Ministry of Railways,Railways,indian railway,Indian Railway,,MoR,Transport & Logistics
607653,Ludhiana Mullanpur 21Km Doubling Railway project,CAO/C/NR,,,color,Punjab,Punjab,2022-10-01,,2024-06-01,,234.78,,2026-04,Table 4,38,35,Ministry of Railways,Railways,cao c nr,CAO/C/NR,,MoR,Transport & Logistics
706836,Dedicated Test Track for RDSO /Phase-II Project,North Western Railway [NWR],,,color,Rajasthan,Rajasthan,2021-11-01,2022-01-01,2026-03-01,,466.42,,2026-04,Table 4,38,36,Ministry of Railways,Railways,NWR,North Western Railway [NWR],,MoR,Transport & Logistics
705489,Madurai- Tuticorin New Line,Ministry of Railways,,,color,Tamil Nadu,Tamil Nadu,2011-04-01,2016-09-01,2021-07-01,2027-12-01,601.43,2084.48,2026-04,Table 4,38,37,Ministry of Railways,Railways,ministry of railways,Ministry of Railways,,MoR,Transport & Logistics
619102,4 L of China Orampadu-Renigunta section of NH-716 Package-II of Kadapa-Renigunta section,National Highways Authority of India [NHAI],,,color,Andhra Pradesh,Andhra Pradesh,2022-12-01,2026-03-01,2028-03-01,2028-03-01,1500.11,,2026-04,Table 4,38,38,Ministry of Road Transport & Highways,Roads & Highways,NHAI,National Highways Authority of India [NHAI],,MoRTH,Transport & Logistics
618633,4L of Kadapa China Orampadu section of NH-716 Package I of Kadapa-Renigunta section,National Highways Authority of India [NHAI],,,color,Andhra Pradesh,Andhra Pradesh,2022-12-01,2026-03-01,2028-03-01,2028-03-01,1732.66,,2026-04,Table 4,38,39,Ministry of Road Transport & Highways,Roads & Highways,NHAI,National Highways Authority of India [NHAI],,MoRTH,Transport & Logistics
619014,"lmprovement and Widening to 2 lane with paved Shoulder of NH-15 old NH-52 from Existing Km 770.600 Design Km 24.819 to Existing km 805.750 Design Km 59.885 Kamlang T-Junction to Chowkham, Existing Length 35.150 Km, Design Length-35.066 Km in the state of Arunachal Pradesh on EPC mode Pkg-2",NHIDCL,,,color,Arunachal Pradesh,Arunachal Pradesh,2023-12-01,2026-02-01,2028-02-01,,316.73,,2026-04,Table 4,38,40,Ministry of Road Transport & Highways,Roads & Highways,NHIDCL,National Highways & Infrastructure Development Corporation Ltd. [NHIDCL],,MoRTH,Transport & Logistics
619320,Muzaffarpur - Sonbarsa Section of NH-77 from km 2.800 to km 89.000,NHAI,,,color,Bihar,Bihar,2011-05-01,,2013-11-01,2026-06-01,2290.72,2311.1,2026-04,Table 4,38,41,Ministry of Road Transport & Highways,Roads & Highways,NHAI,National Highways Authority of India [NHAI],,MoRTH,Transport & Logistics
618742,"Construction of 6-lane Greenfield corridor from Ramnagar to Kacchi Dargah NH-119D from Km 109700 to Km 122300, including widening of the existing NH-31 from Km 196700 to Km 198600, as part of the Amas-Darbhanga.",National Highways Authority of India [NHAI],,,color,Bihar,Bihar,2025-01-01,2026-04-01,2028-04-01,2028-04-01,1113.46,,2026-04,Table 4,38,42,Ministry of Road Transport & Highways,Roads & Highways,NHAI,National Highways Authority of India [NHAI],,MoRTH,Transport & Logistics
618790,Construction of four laning of Bakarpur- Manikpur road section starting from village Chitarsenpur km 0000 and terminating at SH-74 near Manikpur 38814 at NH-139W under Bharatmalapariyona,National Highways Authority of India [NHAI],,,color,Bihar,Bihar,2023-03-01,2024-10-01,2027-04-01,2027-09-01,1422.37,1537.99,2026-04,Table 4,39,43,Ministry of Road Transport & Highways,Roads & Highways,NHAI,National Highways Authority of India [NHAI],,MoRTH,Transport & Logistics
619317,4L of Hajipur-Muzaffarpur Section of the existing NH-77 from Km. 0000 Ramashish Chowk to Km. 46300 and new bypass starting at Km. 46300 and connecting NH-28 of E-W Corridor at Km. 515045,NHAI,,,color,Bihar,Bihar,2010-08-01,,2013-02-01,2026-05-01,2723.39,2906.78,2026-04,Table 4,39,44,Ministry of Road Transport & Highways,Roads & Highways,NHAI,National Highways Authority of India [NHAI],,MoRTH,Transport & Logistics
618253,Construction of missing link from Birhu to Lathiani from Km 35/550 Design chainage Km 0.000 to Km 42/800 Design Chainage Km 8.153on NH-503A including Lathiani Bridge on back water of Govindsagar and its approaches in Himachal Pradesh.,MoRTH,,,color,Himachal Pradesh,Himachal Pradesh,2023-06-01,2026-03-01,2029-03-01,2029-03-01,870.95,896.86,2026-04,Table 4,39,45,Ministry of Road Transport & Highways,Roads & Highways,MORTH,MoRTH,,MoRTH,Transport & Logistics
617951,Construction of Chintamani Bypass from Design Ch.0000 Existing Ch.428880 to Design Ch.15400 Existing Ch.444010 on NH-69 in the State of Karnataka in EPC Mode under NHO Annual Plan 2022-23. NH-69-KNT-2022-23-989 dated 24.03.2023,MoRTH,,,color,Karnataka,Karnataka,2023-03-01,2026-01-01,2027-07-01,2027-07-01,314.55,,2026-04,Table 4,39,46,Ministry of Road Transport & Highways,Roads & Highways,MORTH,MoRTH,,MoRTH,Transport & Logistics
618044,Upgradation of Shahdol- Sagartola Section of NH 543 from km 0000 to km 69400 to 2 lane with paved shoulders under Hybrid Annuity Mode HAM in the State of Madhya Pradesh,MoRTH,,,color,Madhya Pradesh,Madhya Pradesh,2024-02-01,2026-03-01,2028-03-01,,851.4,,2026-04,Table 4,39,47,Ministry of Road Transport & Highways,Roads & Highways,MORTH,MoRTH,,MoRTH,Transport & Logistics
618662,4L Vidisha Gyaraspur section of NH-146 from Design Chainage km 59475 existing chainage km 81240 to Design Chainage km 88361 existing chainage km 110.315,National Highways Authority of India [NHAI],,,color,Madhya Pradesh,Madhya Pradesh,2024-10-01,2026-03-01,2028-03-01,2028-03-01,980.2,,2026-04,Table 4,39,48,Ministry of Road Transport & Highways,Roads & Highways,NHAI,National Highways Authority of India [NHAI],,MoRTH,Transport & Logistics
617937,Udgir Raavi Degloor Aadampur phata to Sagroli fata,MoRTH,,,color,Maharashtra,Maharashtra,2024-11-01,2026-04-01,2028-04-01,,809.77,,2026-04,Table 4,39,49,Ministry of Road Transport & Highways,Roads & Highways,MORTH,MoRTH,,MoRTH,Transport & Logistics
618705,"4L Godibandha to Ballhar Chhak, Ballhar Chhak to Banarpal & Banarpal to Start of Angul bypass at Km.314.130 to Km.321.035 of NH53, at Km.75.200 to Km.84.000 of NH149 & at Km.84.000 to Km.86.100 of NH55",National Highways Authority of India [NHAI],,,color,Odisha,Odisha,2024-12-01,2026-02-01,2028-02-01,2028-02-01,973.12,,2026-04,Table 4,39,50,Ministry of Road Transport & Highways,Roads & Highways,NHAI,National Highways Authority of India [NHAI],,MoRTH,Transport & Logistics
619318,4/6L Greenfield Ludhiana Rupnagar highway from Jn. with NE-5 village near to ManewalLudhiana to Jn. with NH-205 near Bheora Village Rupnagar from Km. 0.00 to Km. 37.7 including spur to Kharar with Ludhiana bypass of NH-205K Pkg-1,National Highways Authority of India [NHAI],,,color,Punjab,Punjab,2021-05-01,2022-12-01,2024-12-01,2027-12-01,1368.91,1382.48,2026-04,Table 4,39,51,Ministry of Road Transport & Highways,Roads & Highways,NHAI,National Highways Authority of India [NHAI],,MoRTH,Transport & Logistics
619253,Construction of 4 lane Bypass to Nalgonda Town lrorn Km 000 Existing Ch. 181590 to Km 14.00 Existing Ch. 28/685 ol Nakrekal to Nagarjunsagar Section of NH -565 in the State of Telangara on EPC under Annual Plan 2024 -25,MoRTH,,,color,Telangana,Telangana,2024-10-01,2025-10-01,2027-10-01,,516.17,,2026-04,Table 4,39,52,Ministry of Road Transport & Highways,Roads & Highways,MORTH,MoRTH,,MoRTH,Transport & Logistics
619009,Upgradation to Two Lane with Paved Shoulders from Km 0.000 to Km 41.920 Green Field Alignment of Gowrelly to Valigonda Section of NH-930P in the State of Telangana on EPC Mode under Annual Plan 2022-23,MoRTH,,,color,Telangana,Telangana,2022-11-01,2026-05-01,2028-04-01,,690.33,,2026-04,Table 4,39,53,Ministry of Road Transport & Highways,Roads & Highways,MORTH,MoRTH,,MoRTH,Transport & Logistics
618114,"Improvement and up-gradation of NH-227B 84 Kosi Parikrama Marg PackageV, from Design Km.140.960 Patranga to Km.160.200 Bahuvan Madar Majha on EPC mode in the State of Uttar Pradesh",MoRTH,,,color,Uttar Pradesh,Uttar Pradesh,2023-03-01,2026-02-01,2028-08-01,2028-08-01,1192.33,,2026-04,Table 4,39,54,Ministry of Road Transport & Highways,Roads & Highways,MORTH,MoRTH,,MoRTH,Transport & Logistics
618768,Four laning of Agra-Aligarh Section from Km. 0.000 Junction of NH-34 Aligarh Km 144.60 to Km. 28.000 near Asroi village in Hathras of NH-509 Package-I,National Highways Authority of India [NHAI],,,color,Uttar Pradesh,Uttar Pradesh,2024-06-01,2026-03-01,2028-03-01,2028-11-01,1309.08,,2026-04,Table 4,39,55,Ministry of Road Transport & Highways,Roads & Highways,NHAI,National Highways Authority of India [NHAI],,MoRTH,Transport & Logistics
707414,Multi Modal Transport Hub [MMTH] Project at Boraki in Greater Noida - Infrastructure Development - Phase 1,National Industrial Corridor Development Corporation,,,color,Uttar Pradesh,Uttar Pradesh,2020-12-01,2026-11-01,2030-03-01,,1480.0,,2026-05,Table 4,37,1,Department for Promotion of Industry & Internal Trade,Logistics Infrastructure,national industrial corridor development corporation,National Industrial Corridor Development Corporation,,DPIIT,Transport & Logistics
603210,Development of Jodhpur Pali Marwar Industrial Area JPMIA in Rajasthan,National Industrial Corridor Development Corporation,,,color,Rajasthan,Rajasthan,2024-08-01,2026-01-01,2028-07-01,,921.66,,2026-05,Table 4,37,2,Department for Promotion of Industry & Internal Trade,Real Estate,national industrial corridor development corporation,National Industrial Corridor Development Corporation,,DPIIT,Social & Commercial
706965,Establishment of new GMC Saran [Chhapara],"Medical Education, Ministry of Health and Family Welfare",,,color,Bihar,Bihar,,,,,189.0,,2026-05,Table 4,37,3,Ministry of Health & Family Welfare,Healthcare,medical education ministry of health and family welfare,"Medical Education, Ministry of Health and Family Welfare",,MoHFW,Social & Commercial
706966,Establishment of new GMC Samastipur,"Medical Education, Ministry of Health and Family Welfare",,,color,Bihar,Bihar,,,,,189.0,,2026-05,Table 4,37,4,Ministry of Health & Family Welfare,Healthcare,medical education ministry of health and family welfare,"Medical Education, Ministry of Health and Family Welfare",,MoHFW,Social & Commercial
707016,Establishment of new GMC Sitamarhi,"Medical Education, Ministry of Health and Family Welfare",,,color,Bihar,Bihar,,,,,250.0,,2026-05,Table 4,37,5,Ministry of Health & Family Welfare,Healthcare,medical education ministry of health and family welfare,"Medical Education, Ministry of Health and Family Welfare",,MoHFW,Social & Commercial
707017,Establishment of new GMC Jhanjharpur,"Medical Education, Ministry of Health and Family Welfare",,,color,Bihar,Bihar,,,,,250.0,,2026-05,Table 4,37,6,Ministry of Health & Family Welfare,Healthcare,medical education ministry of health and family welfare,"Medical Education, Ministry of Health and Family Welfare",,MoHFW,Social & Commercial
707018,Establishment of new GMC Siwan,"Medical Education, Ministry of Health and Family Welfare",,,color,Bihar,Bihar,,,,,250.0,,2026-05,Table 4,37,7,Ministry of Health & Family Welfare,Healthcare,medical education ministry of health and family welfare,"Medical Education, Ministry of Health and Family Welfare",,MoHFW,Social & Commercial
707019,Establishment of new GMC Buxar,"Medical Education, Ministry of Health and Family Welfare",,,color,Bihar,Bihar,,,,,250.0,,2026-05,Table 4,37,8,Ministry of Health & Family Welfare,Healthcare,medical education ministry of health and family welfare,"Medical Education, Ministry of Health and Family Welfare",,MoHFW,Social & Commercial
707051,Establishment of new GMc Udhampur,"Medical Education, Ministry of Health and Family Welfare",,,color,Jammu and Kashmir,Jammu and Kashmir,2019-09-01,2022-01-01,2027-03-01,,325.0,,2026-05,Table 4,37,9,Ministry of Health & Family Welfare,Healthcare,medical education ministry of health and family welfare,"Medical Education, Ministry of Health and Family Welfare",,MoHFW,Social & Commercial
707052,Establishment of new GMC Handwara [Distt. Kupwara],"Medical Education, Ministry of Health and Family Welfare",,,color,Jammu and Kashmir,Jammu and Kashmir,,,,,325.0,,2026-05,Table 4,37,10,Ministry of Health & Family Welfare,Healthcare,medical education ministry of health and family welfare,"Medical Education, Ministry of Health and Family Welfare",,MoHFW,Social & Commercial
707057,Establishment of new GMC Leh,"Medical Education, Ministry of Health and Family Welfare",,,color,Ladakh,Ladakh,,,,,325.0,,2026-05,Table 4,37,11,Ministry of Health & Family Welfare,Healthcare,medical education ministry of health and family welfare,"Medical Education, Ministry of Health and Family Welfare",,MoHFW,Social & Commercial
706988,Establishment of new GMC Gondia,"Medical Education, Ministry of Health and Family Welfare",,,color,Maharashtra,Maharashtra,,,,,189.0,,2026-05,Table 4,37,12,Ministry of Health & Family Welfare,Healthcare,medical education ministry of health and family welfare,"Medical Education, Ministry of Health and Family Welfare",,MoHFW,Social & Commercial
706989,Establishment of new GMC West Garo Hills [Tura],"Medical Education, Ministry of Health and Family Welfare",,,color,Meghalaya,Meghalaya,,,,,189.0,,2026-05,Table 4,37,13,Ministry of Health & Family Welfare,Healthcare,medical education ministry of health and family welfare,"Medical Education, Ministry of Health and Family Welfare",,MoHFW,Social & Commercial
707067,Establishment of new GMC Mon,"Medical Education, Ministry of Health and Family Welfare",,,color,Nagaland,Nagaland,,,,,325.0,,2026-05,Table 4,37,14,Ministry of Health & Family Welfare,Healthcare,medical education ministry of health and family welfare,"Medical Education, Ministry of Health and Family Welfare",,MoHFW,Social & Commercial
612066,Jaipur Metro Phase 1C from Badi Chaupar to Transport Nagar via Ramganj,Jaipur Metro Rail Corporation,,,color,Rajasthan,Rajasthan,2023-09-01,,2027-04-01,,980.08,,2026-05,Table 4,37,15,Ministry of Housing & Urban Affairs,Urban Public Transport,jaipur metro rail corporation,Jaipur Metro Rail Corporation,,MoHUA,Transport & Logistics
612068,Jaipur Metro Phase 1D Project from Mansarovar to Ajmer Road Chauraha,Jaipur Metro Rail Corporation,,,color,Rajasthan,Rajasthan,2023-12-01,,2026-03-01,,204.81,,2026-05,Table 4,37,16,Ministry of Housing & Urban Affairs,Urban Public Transport,jaipur metro rail corporation,Jaipur Metro Rail Corporation,,MoHUA,Transport & Logistics
616221,"Extension of Aqua Line Metro Corridor from Noida Sector-142 station to Botanical Garden, Noida of Noida Metro Rail Corporation",Noida Metro Rail Corporation Ltd. [NMRCL],,,color,Uttar Pradesh,Uttar Pradesh,2026-03-01,2026-03-01,2030-03-01,,2254.35,,2026-05,Table 4,37,17,Ministry of Housing & Urban Affairs,Urban Public Transport,NMRCL,Noida Metro Rail Corporation Ltd. [NMRCL],,MoHUA,Transport & Logistics
619328,ONGC-BP Redevelopment Phase-1 Scheme of Mumbai High Field,Ministry of Petroleum & Natural Gas,,,color,Maharashtra,Maharashtra,2025-11-01,2025-11-01,2027-03-01,2027-03-01,3713.4,3908.0,2026-05,Table 4,37,18,Ministry of Petroleum & Natural Gas,Oil & Gas,ministry of petroleum and natural gas,Ministry of Petroleum & Natural Gas,,MoPNG,Energy
619229,"Integrated development of Outer Container Terminal and berth No. 1 though 5 NSD at KDS, SMPK on DBFOT basis through PPP mode",Syama Prasad Mookerjee Port Kolkata,,,color,West Bengal,West Bengal,2025-03-01,2027-02-01,2028-08-01,,832.25,,2026-05,Table 4,37,19,"Ministry of Ports, Shipping and Waterways",Shipping,syama prasad mookerjee port kolkata,Syama Prasad Mookerjee Port Kolkata,,MoPSW,Transport & Logistics
619341,"Telangana Super Thermal Power Project , Stage-II [3 x 800 MW]",National Thermal Power Corporation [NTPC],,,color,Telangana,Telangana,2026-03-01,2026-03-01,2032-01-01,,29344.85,,2026-05,Table 4,37,20,Ministry of Power,Electricity Generation,NTPC,National Thermal Power Corporation [NTPC],,MoP,Energy
619326,Nidadavolu-Duvvada 3rd & 4th Lines,South Central Railway [SCR] - II,,,color,Andhra Pradesh,Andhra Pradesh,2026-04-01,2026-04-01,2032-01-01,,9889.24,,2026-05,Table 4,38,21,Ministry of Railways,Railways,south central railway scr ii,South Central Railway [SCR] - II,,MoR,Transport & Logistics
618646,4L of Pathalgaon-Kunkuri-CG/JH Border section of NH-43 from Km. 00.000 to Km.104.250,National Highways Authority of India [NHAI],,,color,Chhattisgarh,Chhattisgarh,2024-08-01,2026-04-01,2029-04-01,2029-04-01,3147.07,,2026-05,Table 4,38,22,Ministry of Road Transport & Highways,Roads & Highways,NHAI,National Highways Authority of India [NHAI],,MoRTH,Transport & Logistics
617943,4-laning of Navelim to Cuncolim Section of NH-66 from Km 554.245 to Km 561.480 on HAM Mode,MoRTH,,,color,Goa,Goa,2024-12-01,2026-04-01,2028-10-01,,746.75,,2026-05,Table 4,38,23,Ministry of Road Transport & Highways,Roads & Highways,MORTH,MoRTH,,MoRTH,Transport & Logistics
619061,Construction of 4 lane with PS Idar-Badoli bypass section from design km 81/300 to km 95/500 of NH 168G in the State of Gujarat,MoRTH,,,color,Gujarat,Gujarat,2025-03-01,2026-05-01,2028-05-01,2028-05-01,705.09,,2026-05,Table 4,38,24,Ministry of Road Transport & Highways,Roads & Highways,MORTH,MoRTH,,MoRTH,Transport & Logistics
618542,4L of existing Wayul Ganderbal Pandach Soura section of old NH-1 as a part of Srinagar Ring Road Phase IIA,National Highways Authority of India [NHAI],,,color,Jammu and Kashmir,Jammu and Kashmir,2024-12-01,2026-05-01,2028-05-01,2028-05-01,827.98,,2026-05,Table 4,38,25,Ministry of Road Transport & Highways,Roads & Highways,NHAI,National Highways Authority of India [NHAI],,MoRTH,Transport & Logistics
618534,Construction of Six lane elevated flyover including reconstruction/rehabilitation of existing pavement from Km 426230 to Km 430500 Length 4.27 Km at Nirsa in the Barwa Adda Panagarh section of NH-19 from Km.398.240 to Km.521.120 including Panagarh Bypass in the State of Jharkhand on EPC Mode.,National Highways Authority of India [NHAI],,,color,Jharkhand,Jharkhand,2025-01-01,2026-02-01,2028-08-01,2026-08-01,470.75,,2026-05,Table 4,38,26,Ministry of Road Transport & Highways,Roads & Highways,NHAI,National Highways Authority of India [NHAI],,MoRTH,Transport & Logistics
618730,6 Lane Greenfield Varanasi- Ranchi- Kolkata Highway from Deoria village to Donoreshan village from km 253.000 to km 288.600 Pkg -10,National Highways Authority of India [NHAI],,,color,Jharkhand,Jharkhand,2023-03-01,2026-05-01,2028-05-01,2028-05-01,1546.27,,2026-05,Table 4,38,27,Ministry of Road Transport & Highways,Roads & Highways,NHAI,National Highways Authority of India [NHAI],,MoRTH,Transport & Logistics
617997,Widening of existing 2 lane to 4 lane with paved shoulder from Designed km 25.15 to km 56.70 Except Km 52.70 to 53.50 of NH-169 Nellisara Camp to Thirthahalli of NH- 169 on Shimoga-Mangalore section in the state of Karnataka on EPC mode under Annual plan 2022-23 NH-169-KNT-2022-23-978 dated 08.03.2023,MoRTH,,,color,Karnataka,Karnataka,2023-03-01,2026-02-01,2028-02-01,2028-02-01,538.71,,2026-05,Table 4,38,28,Ministry of Road Transport & Highways,Roads & Highways,MORTH,MoRTH,,MoRTH,Transport & Logistics
618148,Widening to 4LPS of NH-548B from Km 80.000 Near Murgundi to Km 140.200 Near Chikkodi excluding length from Km 118.450 to Km 128.450 in the State of Karnataka under NH O on EPC Mode under Annual Plan 2022-23 - Package 1 NH-548B-KNT- 2022-23-979 dated 09.03.2023,MoRTH,,,color,Karnataka,Karnataka,2023-03-01,2026-04-01,2028-04-01,2028-04-01,785.79,,2026-05,Table 4,38,29,Ministry of Road Transport & Highways,Roads & Highways,MORTH,MoRTH,,MoRTH,Transport & Logistics
618151,Widening to 4LPS of NH-548B from Km 118.450 Near Shirguppi to Km 128.450 Near Ankali in the State of Karnataka under NH O on EPC Mode Under Annual Plan 2022- 23 NH-548B-KNT-2022-23-982,MoRTH,,,color,Karnataka,Karnataka,2023-03-01,2026-05-01,2029-05-01,,1084.29,,2026-05,Table 4,38,30,Ministry of Road Transport & Highways,Roads & Highways,MORTH,MoRTH,,MoRTH,Transport & Logistics
619321,Balance work of widening to two laning/re-alignment and geometric improvement from Km. 11000 to Km. 114618 with rectification of damaged stretches and provision of protection works in vulnerable location of NH-44 in the State of Mizoram.,MoRTH,,,color,Mizoram,Mizoram,2025-10-01,2026-05-01,2028-05-01,,170.96,,2026-05,Table 4,38,31,Ministry of Road Transport & Highways,Roads & Highways,MORTH,MoRTH,,MoRTH,Transport & Logistics
618732,6L Greenfield Varanasi- Ranchi- Kolkata Highway from Sonepurbigha village to junction with NH- 22 Chatra Bypass near Chatra from km 184.700 to km 222.000Pkg - 8,National Highways Authority of India [NHAI],,,color,Multi-States,Bihar; Jharkhand,2023-03-01,2026-05-01,2028-05-01,2028-05-01,1728.17,,2026-05,Table 4,38,32,Ministry of Road Transport & Highways,Roads & Highways,NHAI,National Highways Authority of India [NHAI],,MoRTH,Transport & Logistics
619156,4 Laning of Paramakudi to Ramanathapuram Section of NH-87 Old NH-49,National Highways Authority of India [NHAI],,,color,Tamil Nadu,Tamil Nadu,2025-07-01,2026-05-01,2028-05-01,2028-06-01,1853.16,,2026-05,Table 4,38,33,Ministry of Road Transport & Highways,Roads & Highways,NHAI,National Highways Authority of India [NHAI],,MoRTH,Transport & Logistics
619194,"Construction of Four Lane Gola Flyover at Km 99.850 of NH 730 Major Junction with State Highways -93 of Engineering, Procurement and Construction EPC mode in the State of Uttar Pradesh.",MoRTH,,,color,Uttar Pradesh,Uttar Pradesh,2025-03-01,2026-05-01,2027-10-01,,168.05,,2026-05,Table 4,38,34,Ministry of Road Transport & Highways,Roads & Highways,MORTH,MoRTH,,MoRTH,Transport & Logistics
618267,Widening/Upgradation to four lane configuration of Shahjahanpur-Bisalpur section from km 0.00 to km 47.026 of NH-731K on Hybrid Annuity Mode in the state of Uttar Pradesh.,MoRTH,,,color,Uttar Pradesh,Uttar Pradesh,2023-03-01,2026-05-01,2028-05-01,,1590.2,,2026-05,Table 4,38,35,Ministry of Road Transport & Highways,Roads & Highways,MORTH,MoRTH,,MoRTH,Transport & Logistics
108841,"Amended BharatNet Program - KTK, GOA, PY",Department of Telecommunications,,,color,PAN India,,2023-08-01,2025-06-01,2028-06-01,,3742.0,,2026-06,Table 4,44,1,Department of Telecommunications,Telecommunication,DOT,Department of Telecommunications [DoT],,DoT,Communication
222253,Amended BharatNet Program - UP (East),Department of Telecommunications,,,color,Uttar Pradesh,Uttar Pradesh,2023-08-01,2025-02-01,2028-02-01,,5008.0,,2026-06,Table 4,44,2,Department of Telecommunications,Telecommunication,DOT,Department of Telecommunications [DoT],,DoT,Communication
708687,Amended BharatNet Program - UP (West),Department of Telecommunications,,,color,Uttar Pradesh,Uttar Pradesh,2023-08-01,2025-02-01,2028-02-01,,1917.0,,2026-06,Table 4,44,3,Department of Telecommunications,Telecommunication,DOT,Department of Telecommunications [DoT],,DoT,Communication
619248,"lmprovement and Widening to 2-lane with Paved Shoulder of NH-13 & 15 Old NH-52 from Existing Km 745.60 Design Km 0.000 to Existing km 770.600 Design Km 24.819 Brahmakund T-junction to Kamlang T-Junction, Existing Length 25.00 Km, Design Length 24.819 Km in the state of Arunachal Pradesh on EPC mode Pkg-1",NHIDCL,,,color,Arunachal Pradesh,Arunachal Pradesh,2023-12-01,2026-06-01,2028-06-01,,441.41,,2026-06,Table 4,44,4,Ministry of Road Transport & Highways,Roads & Highways,NHIDCL,National Highways & Infrastructure Development Corporation Ltd. [NHIDCL],,MoRTH,Transport & Logistics
619039,"Balance Works of Rehabilitation and Up gradation of NH-43 New NH-30 from Krn 162120 to Krn 173500 Length 11.380 Km. Keshkal Bypass 4-Lane with Paved shoulder in the State Of Chhattisgarh under NHDP-IV through Engineering, Procurement & Construction EPC Basis",MoRTH,,,color,Chhattisgarh,Chhattisgarh,2025-06-01,2026-06-01,2028-06-01,,307.96,,2026-06,Table 4,44,5,Ministry of Road Transport & Highways,Roads & Highways,MORTH,MoRTH,,MoRTH,Transport & Logistics
619347,Balance Work Estimate of Rehabilitation and Up-gradation of NH- 43 from Km. 468.600 to Km. 531.250 Pathalgaon to kunkuri Section to two-lane with paved shoulder in the State of Chhattisgarh on SBD mode under NHO under Annual plan 2025-26,MoRTH,,,color,Chhattisgarh,Chhattisgarh,2026-03-01,2026-06-01,2028-06-01,,201.16,,2026-06,Table 4,44,6,Ministry of Road Transport & Highways,Roads & Highways,MORTH,MoRTH,,MoRTH,Transport & Logistics
618892,"4 Lane with Paved Shoulder from Dareota Village to Kalar Bala NH 205, Design Chainage -Km 33185 to Km 41000, Design Length-7.815 Km Package-IIB",NHAI,,,color,Himachal Pradesh,Himachal Pradesh,2025-06-01,2026-06-01,2028-06-01,2028-06-01,992.85,,2026-06,Table 4,44,7,Ministry of Road Transport & Highways,Roads & Highways,NHAI,National Highways Authority of India [NHAI],,MoRTH,Transport & Logistics
618729,6 Lane Greenfield Varanasi- Ranchi- Kolkata Highway from Donoreshan village to junction with NH-20 in Bongabar village from km 288.600 to km 325.500 Pkg -11,NHAI,,,color,Jharkhand,Jharkhand,2023-03-01,2026-07-01,2028-07-01,,1856.12,,2026-06,Table 4,44,8,Ministry of Road Transport & Highways,Roads & Highways,NHAI,National Highways Authority of India [NHAI],,MoRTH,Transport & Logistics
618733,6L Greenfield Varanasi- Ranchi- Kolkata Highway from junction with NH-20 in Bongabar village to junction with NH-30 in Lepo village from km 325.500 to km 358.500 Pkg -12,NHAI,,,color,Jharkhand,Jharkhand,2023-03-01,2026-07-01,2028-07-01,,1525.52,,2026-06,Table 4,44,9,Ministry of Road Transport & Highways,Roads & Highways,NHAI,National Highways Authority of India [NHAI],,MoRTH,Transport & Logistics
619204,"Capacity Augmentation in the stretch of Pimpri Sado Vadape section of NH848 Km. 460900 to Km. 537000 by Construction of Slip/Service Road on either side at various locations total length 25.140 Km LHSRHS, Flyover 2 x 25m at Borivali Junction Km. 528550 & LVUP 1 x 15m at Sherekarpada Km. 528800",NHAI,,,color,Maharashtra,Maharashtra,2025-12-01,2026-04-01,2027-10-01,2027-10-01,372.03,,2026-06,Table 4,44,10,Ministry of Road Transport & Highways,Roads & Highways,NHAI,National Highways Authority of India [NHAI],,MoRTH,Transport & Logistics
619298,Construction of 6 Lane Elevated corridor from KM 612582 to KM 617540 including construction of Service Roads in Kolhapur City on NH -48 in the State of Maharashtra on EPC mode under NHO,NHAI,,,color,Maharashtra,Maharashtra,2026-02-01,2026-06-01,2029-06-01,2029-06-01,1039.0,,2026-06,Table 4,44,11,Ministry of Road Transport & Highways,Roads & Highways,NHAI,National Highways Authority of India [NHAI],,MoRTH,Transport & Logistics
619299,Construction of a 6-Lane Elevated Corridor from Km 593766 to Km 596620 Including Construction of Service Roads in Kagal City on NH-48 in the State of Maharashtra on EPC Mode.,NHAI,,,color,Maharashtra,Maharashtra,2026-03-01,2026-06-01,2028-06-01,2028-06-01,357.99,,2026-06,Table 4,44,12,Ministry of Road Transport & Highways,Roads & Highways,NHAI,National Highways Authority of India [NHAI],,MoRTH,Transport & Logistics
619300,Construction of Four Lane Nagpur-Katol section of NH-353J including Mitigation Structures from Design Ch. 37000 to Ch. 45990 Tiger Corridor-I Mitigation Structures from Design Ch. 37000 to Ch. 45990 Tiger Corridor-I in the State of Maharashtra on EPC Mode,NHAI,,,color,Maharashtra,Maharashtra,2026-01-01,2026-06-01,2027-12-01,2027-12-01,300.68,,2026-06,Table 4,44,13,Ministry of Road Transport & Highways,Roads & Highways,NHAI,National Highways Authority of India [NHAI],,MoRTH,Transport & Logistics
618648,"Development of 6-lane Greenfield Southern Ludhiana Bypass from intersection with NH-44 near Village Rajgarh to intersection with Delhi Katra Expressway NE-5 near Village Ballowal, km 0000 to km 25240",NHAI,,,color,Punjab,Punjab,2024-11-01,2026-03-01,2028-03-01,2028-03-01,1424.55,,2026-06,Table 4,44,14,Ministry of Road Transport & Highways,Roads & Highways,NHAI,National Highways Authority of India [NHAI],,MoRTH,Transport & Logistics
619270,"Upgradation of 6 laned Jaipur- Kishangarh section of NH-48 from km 274100 to 363885 involving construction of flyovers and Service road in Rajasthan On Engineering, Procurement & Construction EPC Mode",NHAI,,,color,Rajasthan,Rajasthan,2026-03-01,2026-07-01,2029-01-01,,910.91,,2026-06,Table 4,44,15,Ministry of Road Transport & Highways,Roads & Highways,NHAI,National Highways Authority of India [NHAI],,MoRTH,Transport & Logistics
619271,Construction of Elevated Corridor at Kherwara Town on Udaipur Ratanpur Shamlaji Section of NH-48 in Udaipur District in the State of Rajasthan on EPC mode,NHAI,,,color,Rajasthan,Rajasthan,2026-03-01,2026-07-01,2029-01-01,,363.89,,2026-06,Table 4,44,16,Ministry of Road Transport & Highways,Roads & Highways,NHAI,National Highways Authority of India [NHAI],,MoRTH,Transport & Logistics
618842,"2L PS Greenfield bypass lalganj ajhara, mohanganj and Raniganj on Raebareli - Jaunpur Section Design km 0.00 to Km 53177 of NH-31",NHAI,,,color,Uttar Pradesh,Uttar Pradesh,2024-12-01,2026-06-01,2028-06-01,,1280.68,,2026-06,Table 4,44,17,Ministry of Road Transport & Highways,Roads & Highways,NHAI,National Highways Authority of India [NHAI],,MoRTH,Transport & Logistics
707420,Gaya Integrated Manufacturing Cluster IMC in Bihar,National Industrial Corridor Development Corporation,,,color,Bihar,Bihar,2024-08-01,2026-04-01,2029-04-01,,1339.02,,2026-07,Table 4,39,1,Department for Promotion of Industry & Internal Trade,Real Estate,national industrial corridor development corporation,National Industrial Corridor Development Corporation,,DPIIT,Social & Commercial
701662,IMC Rajpura - Patiala Development Project,National Industrial Corridor Development Corporation,,,color,Punjab,Punjab,2024-08-01,2026-03-01,2028-09-01,,1367.72,,2026-07,Table 4,39,2,Department for Promotion of Industry & Internal Trade,Real Estate,national industrial corridor development corporation,National Industrial Corridor Development Corporation,,DPIIT,Social & Commercial
701661,Development of IMC Khurpia Farms under AKIC Project,National Industrial Corridor Development Corporation,,,color,Uttarakhand,Uttarakhand,2024-08-01,2026-03-01,2028-09-01,,1265.37,,2026-07,Table 4,39,3,Department for Promotion of Industry & Internal Trade,Real Estate,national industrial corridor development corporation,National Industrial Corridor Development Corporation,,DPIIT,Social & Commercial
437130,"Amended BharatNet Program - J&K, LAD",Department of Telecommunications,,,color,PAN India,,2023-08-01,2025-06-01,2028-06-01,,1621.0,,2026-07,Table 4,39,4,Department of Telecommunications,Telecommunication,DOT,Department of Telecommunications [DoT],,DoT,Communication
462136,"Amended BharatNet Program - MGH, MZM, TRP",Department of Telecommunications,,,color,PAN India,,2023-08-01,2025-04-01,2029-04-01,,768.0,,2026-07,Table 4,39,5,Department of Telecommunications,Telecommunication,DOT,Department of Telecommunications [DoT],,DoT,Communication
476006,Amended BharatNet Program - HP,Department of Telecommunications,,,color,PAN India,,2023-08-01,2025-02-01,2028-02-01,,1292.0,,2026-07,Table 4,39,6,Department of Telecommunications,Telecommunication,DOT,Department of Telecommunications [DoT],,DoT,Communication
660056,Amended BharatNet Program - KL,Department of Telecommunications,,,color,PAN India,,2023-08-01,2025-06-01,2028-06-01,,765.0,,2026-07,Table 4,39,7,Department of Telecommunications,Telecommunication,DOT,Department of Telecommunications [DoT],,DoT,Communication
665021,Amended BharatNet Program - UKD,Department of Telecommunications,,,color,PAN India,,2023-08-01,2025-05-01,2028-05-01,,1821.0,,2026-07,Table 4,39,8,Department of Telecommunications,Telecommunication,DOT,Department of Telecommunications [DoT],,DoT,Communication
914467,Amended BharatNet Program - BR,Department of Telecommunications,,,color,PAN India,,2023-08-01,2025-03-01,2028-03-01,,1550.0,,2026-07,Table 4,39,9,Department of Telecommunications,Telecommunication,DOT,Department of Telecommunications [DoT],,DoT,Communication
938832,Amended BharatNet Program - RJ,Department of Telecommunications,,,color,PAN India,,2023-08-01,2026-03-01,2029-03-01,,2839.0,,2026-07,Table 4,39,10,Department of Telecommunications,Telecommunication,DOT,Department of Telecommunications [DoT],,DoT,Communication
946208,Amended BharatNet Program - SKM,Department of Telecommunications,,,color,PAN India,,2023-08-01,2026-06-01,2029-06-01,,160.0,,2026-07,Table 4,39,11,Department of Telecommunications,Telecommunication,DOT,Department of Telecommunications [DoT],,DoT,Communication
976009,"Amended BharatNet Program - ARP, NGL, MNP",Department of Telecommunications,,,color,PAN India,,2023-08-01,2025-06-01,2028-06-01,,1168.0,,2026-07,Table 4,39,12,Department of Telecommunications,Telecommunication,DOT,Department of Telecommunications [DoT],,DoT,Communication
317725,Amended BharatNet Program - OD,Department of Telecommunications,,,color,PAN India,,2023-08-01,2026-07-01,2029-07-01,,1713.0,,2026-07,Table 4,39,13,Department of Telecommunications,Telecommunication,DOT,Department of Telecommunications [DoT],,DoT,Communication
124199,Amended BharatNet Program - HR,Department of Telecommunications,,,color,PAN India,,2023-08-01,2026-03-01,2029-03-01,,837.0,,2026-07,Table 4,39,14,Department of Telecommunications,Telecommunication,DOT,Department of Telecommunications [DoT],,DoT,Communication
171218,Amended BharatNet Program - PB,Department of Telecommunications,,,color,PAN India,,2023-08-01,2025-02-01,2028-02-01,,1245.0,,2026-07,Table 4,39,15,Department of Telecommunications,Telecommunication,DOT,Department of Telecommunications [DoT],,DoT,Communication
175860,"Amended BharatNet Program - MP, DD and DNH",Department of Telecommunications,,,color,PAN India,,2023-06-01,2025-05-01,2028-05-01,,4943.0,,2026-07,Table 4,39,16,Department of Telecommunications,Telecommunication,DOT,Department of Telecommunications [DoT],,DoT,Communication
210914,Amended BharatNet Program - WB & ANI,Department of Telecommunications,,,color,PAN India,,2023-08-01,2025-02-01,2028-02-01,,1674.0,,2026-07,Table 4,39,17,Department of Telecommunications,Telecommunication,DOT,Department of Telecommunications [DoT],,DoT,Communication
240484,Amended BharatNet Program - AS,Department of Telecommunications,,,color,PAN India,,2023-08-01,2026-03-01,2029-03-01,,832.0,,2026-07,Table 4,39,18,Department of Telecommunications,Telecommunication,DOT,Department of Telecommunications [DoT],,DoT,Communication
547243,BharatNet Phase-II,Department of Telecommunications,,,color,PAN India,,2017-07-01,2017-11-01,2023-05-01,,22174.56,,2026-07,Table 4,39,19,Department of Telecommunications,Telecommunication,DOT,Department of Telecommunications [DoT],,DoT,Communication
245986,Jaipur Metro Rail Project Phase 2 (Prahladpura to Todi Mod),Jaipur Metro Rail Corporation,,,color,Rajasthan,Rajasthan,2026-04-01,2026-04-01,2031-10-01,,13037.66,,2026-07,Table 4,39,20,Ministry of Housing & Urban Affairs,Urban Public Transport,jaipur metro rail corporation,Jaipur Metro Rail Corporation,,MoHUA,Transport & Logistics
298178,"Meja Thermal Power Project, Stage-II , (3x800 MW)",National Thermal Power Corporation [NTPC],,,color,Uttar Pradesh,Uttar Pradesh,2026-06-01,2026-06-01,2032-12-01,,38358.0,,2026-07,Table 4,39,21,Ministry of Power,Electricity Generation,NTPC,National Thermal Power Corporation [NTPC],,MoP,Energy
619297,Upgradation of Existing Two Lane Carriageway to Two Lane Carriageway with Paved Shoulder from Ch. 665686 Existing Km. 665.686 in Khanpur Village in Vansda Taluka to Ch. 710470 Existing Km. 710.483 in Karvad Village in Vapi Taluka Length 44.784 Km Section of NH-56 in the State of Gujarat on EPC Mode,NHAI,,,color,Gujarat,Gujarat,2026-02-01,2026-07-01,2028-07-01,2027-01-01,647.2,,2026-07,Table 4,39,22,Ministry of Road Transport & Highways,Roads & Highways,NHAI,National Highways Authority of India [NHAI],,MoRTH,Transport & Logistics
618731,6 Lane Greenfield Varanasi- Ranchi- Kolkata Highway from Chatra to junction with NH- 100 in Deoria village from km 222.000 to km 253.000 Pkg -9,NHAI,,,color,Jharkhand,Jharkhand,2023-03-01,2026-07-01,2028-07-01,2028-07-01,1418.16,,2026-07,Table 4,39,23,Ministry of Road Transport & Highways,Roads & Highways,NHAI,National Highways Authority of India [NHAI],,MoRTH,Transport & Logistics
619043,Capacity Augmentation in the stretch of DhulePimpalgaon section of NH60 Km. 261.720 to Km. 380.000 by Construction of Slip/Service Road on either side at various locations total length 30.30 Km LHSRHS and Flyover 2 x 30m at Sawadgaon Phata Km. 310.415,NHAI,,,color,Maharashtra,Maharashtra,2025-12-01,2026-04-01,2026-10-01,2027-10-01,341.63,,2026-07,Table 4,40,24,Ministry of Road Transport & Highways,Roads & Highways,NHAI,National Highways Authority of India [NHAI],,MoRTH,Transport & Logistics
617918,"Widening and Strengthening of existing S/L, I/L, & D/L to 2 Lane with PS from Km 256/455 to 256/503, 256/820 to 256/960, 265/760 to 266/010, 266/010 to 266/800, 270/975 to 271/055, 276/460 to 276/560, 276/560 to 276/700, 276/700 to 277/480, 285/780 to 288/290, 288/290 to 291/050 and construction of 3 Nos. of Bypass from Km 266/800 to 267/300, 270/025 to 270/975, & 284/700 to 285/780 on NH-53 under NHO in Annual Plan 2022-23 for the State of Odisha.",MoRTH,,,color,Odisha,Odisha,2023-03-01,2026-06-01,2027-12-01,,174.21,,2026-07,Table 4,40,25,Ministry of Road Transport & Highways,Roads & Highways,MORTH,MoRTH,,MoRTH,Transport & Logistics
619265,Rehabilitation & Upgradation of Thorrur to Nehru Nagar section to Two Lane with Paved shoulders from Km 109/420 to Km 178/500 of NH 930P in the state of Telangana on EPC mode under Annual Plan 2022-2023,MoRTH,,,color,Telangana,Telangana,2025-01-01,2026-07-01,2028-07-01,2028-07-01,675.45,,2026-07,Table 4,40,26,Ministry of Road Transport & Highways,Roads & Highways,MORTH,MoRTH,,MoRTH,Transport & Logistics
619221,Realignment of Rudrapur-Kathgodam Section of NH-87 New NH-109 From Design Chainage 000 Existing Chainage Km.54050 To Design Chainage 7875 Existing Chainage Km.61550 Due To Proposed Expansion Of Pantnagar Airport in the state of Uttarakhand.,NHAI,,,color,Uttarakhand,Uttarakhand,2025-08-01,2026-06-01,2027-09-01,2027-09-01,252.97,,2026-07,Table 4,40,27,Ministry of Road Transport & Highways,Roads & Highways,NHAI,National Highways Authority of India [NHAI],,MoRTH,Transport & Logistics
944288,Super accelerated cooling system (Uniform Cooling) for high strength plates in Plate Mill at BSP,Steel Authority of India Limited (SAIL),,,color,Chhattisgarh,Chhattisgarh,2025-06-01,2025-06-01,2026-12-01,,192.21,,2026-07,Table 4,40,28,Ministry of Steel,Steel,SAIL,Steel Authority of India Limited [SAIL],,MoS,Others
505491,Installation of 140 TPH Walking Beam type Reheating Furnace in Plate Mill at BSP,Steel Authority of India Limited (SAIL),,,color,Chhattisgarh,Chhattisgarh,2026-02-01,2026-03-01,2028-03-01,,268.36,,2026-07,Table 4,40,29,Ministry of Steel,Steel,SAIL,Steel Authority of India Limited [SAIL],,MoS,Others
738679,Stamp Charge Battery No.7 Battery Proper at RSP,Steel Authority of India Limited (SAIL),,,color,Odisha,Odisha,2024-09-01,2024-10-01,2028-03-01,,2584.41,,2026-07,Table 4,40,30,Ministry of Steel,Steel,SAIL,Steel Authority of India Limited [SAIL],,MoS,Others
834015,Stamp Charge Battery No.12 By-product Plant at RSP,Steel Authority of India Limited (SAIL),,,color,Odisha,Odisha,2024-09-01,2024-10-01,2028-03-01,,1140.07,,2026-07,Table 4,40,31,Ministry of Steel,Steel,SAIL,Steel Authority of India Limited [SAIL],,MoS,Others
478482,Stamp Charge Battery No.7 Coke Dry Cooling Plant at RSP,Steel Authority of India Limited (SAIL),,,color,Odisha,Odisha,2026-02-01,2026-02-01,2028-08-01,,1064.55,,2026-07,Table 4,40,32,Ministry of Steel,Steel,SAIL,Steel Authority of India Limited [SAIL],,MoS,Others
635651,"New Product Testing Laboratory for NPM, SPP & NHSM at RSP",Steel Authority of India Limited (SAIL),,,color,Odisha,Odisha,2025-06-01,2025-07-01,2027-08-01,,155.26,,2026-07,Table 4,40,33,Ministry of Steel,Steel,SAIL,Steel Authority of India Limited [SAIL],,MoS,Others
589703,Implementation of Treatment System-2 Under ZLD at RSP,Steel Authority of India Limited (SAIL),,,color,Odisha,Odisha,2025-02-01,2025-03-01,2026-09-01,,216.02,,2026-07,Table 4,40,34,Ministry of Steel,Steel,SAIL,Steel Authority of India Limited [SAIL],,MoS,Others
364934,Stamp Charge Battery No.12 By-product Plant at IISCO Steel Plant,Steel Authority of India Limited (SAIL),,,color,West Bengal,West Bengal,2025-01-01,2025-02-01,2028-07-01,,999.46,,2026-07,Table 4,40,35,Ministry of Steel,Steel,SAIL,Steel Authority of India Limited [SAIL],,MoS,Others
425828,Stamp Charge Battery No.12 Coke Dry Cooling Plant at IISCO Steel Plant,Steel Authority of India Limited (SAIL),,,color,West Bengal,West Bengal,2025-01-01,2025-02-01,2028-07-01,,706.51,,2026-07,Table 4,40,36,Ministry of Steel,Steel,SAIL,Steel Authority of India Limited [SAIL],,MoS,Others
858179,IIT Gandhinagar - Development of Faculty/Staff Housing with Associated Facilities under Phase-2A,"Indian Institute of Technology, Gandhinagar",,,color,Gujarat,Gujarat,2023-06-01,2024-12-01,2027-03-01,2027-08-01,156.0,,2026-08,Table 4,41,1,Department of Higher Education,Education,indian institute of technology gandhinagar,"Indian Institute of Technology, Gandhinagar",,DoHE,Social & Commercial
304532,IIT Gandhinagar - Development of Students Hostel Buildings with Associated Facilities under Phase-2A,"Indian Institute of Technology, Gandhinagar",,,color,Gujarat,Gujarat,2023-06-01,2024-12-01,2027-03-01,2028-05-01,163.0,,2026-08,Table 4,41,2,Department of Higher Education,Education,indian institute of technology gandhinagar,"Indian Institute of Technology, Gandhinagar",,DoHE,Social & Commercial
505106,"Engineering, Procurement and Construction (EPC) of Various Buildings and External Infrastructure Development Works of Indian Institute of Management Mumbai campus in Phase-1",Indian Institute of Management Mumbai,,,color,Maharashtra,Maharashtra,2026-03-01,2026-08-01,2030-08-01,,441.85,,2026-08,Table 4,41,3,Department of Higher Education,Education,indian institute of management mumbai,Indian Institute of Management Mumbai,,DoHE,Social & Commercial
617421,Phase 3B Development of Permanent Campus of IIT Jodhpur,"Indian Institute of Technology, Jodhpur",,,color,Rajasthan,Rajasthan,2025-07-01,2026-01-01,2028-01-01,,522.89,,2026-08,Table 4,41,4,Department of Higher Education,Education,indian institute of technology jodhpur,"Indian Institute of Technology, Jodhpur",,DoHE,Social & Commercial
432726,"Construction of 8 Nos. RETs for Runway 07-25, 3 nos. RETs for Runway 12-30, Extension of parallel Taxi Track-R with link Taxi- track and Link Taxi-Track-K1 at Chennai Airport",Airport Authority of India [AAI],,,color,Tamil Nadu,Tamil Nadu,2024-07-01,2025-10-01,2028-01-01,,480.06,,2026-08,Table 4,41,5,Ministry of Civil Aviation,Aviation & Aviation Infrastructure,AAI,Airport Authority of India [AAI],,MoCA,Transport & Logistics
540543,RPR OF TAWA III UG MINE - 0.84,WCL - CIL,,,color,Madhya Pradesh,Madhya Pradesh,2026-03-01,2026-03-01,2032-03-01,,374.18,,2026-08,Table 4,41,6,Ministry of Coal,Coal,WCL,Western Coalfields Limited [WCL],CIL,MoC,Others
308266,"Development of Rail - Fed Road Tanker Loading POL Terminal at Panchgram [Near Silchar], Hailakandi, Assam.",Numaligarh Refinery Limited,,,color,Assam,Assam,2025-08-01,2025-08-01,2027-10-01,,433.12,,2026-08,Table 4,41,7,Ministry of Petroleum & Natural Gas,Energy Storage,numaligarh refinery limited,Numaligarh Refinery Limited,,MoPNG,Energy
409131,Old Naphtha Isomerization Unit [NIU] revamp for MS maximization at Visakh Refinery,Hindustan Petroleum Corporation Limited,,,color,Andhra Pradesh,Andhra Pradesh,2025-03-01,2025-03-01,2028-07-01,,449.0,,2026-08,Table 4,41,8,Ministry of Petroleum & Natural Gas,Oil & Gas,HPCL,Hindustan Petroleum Corporation Limited [HPCL],,MoPNG,Energy
891687,2.4 KTPA Green Hydrogen Generation Unit at Numaligarh,Numaligarh Refinery Limited,,,color,Assam,Assam,2023-02-01,2023-02-01,2027-03-01,,170.0,,2026-08,Table 4,41,9,Ministry of Petroleum & Natural Gas,Oil & Gas,numaligarh refinery limited,Numaligarh Refinery Limited,,MoPNG,Energy
503783,"Drive Conversion of Turbines in CHT, DHDT and DCU.",Mangalore Refinery and Petrochemicals Limited,,,color,Karnataka,Karnataka,2026-02-01,2026-02-01,2028-09-01,,206.24,,2026-08,Table 4,41,10,Ministry of Petroleum & Natural Gas,Oil & Gas,mangalore refinery and petrochemicals limited,Mangalore Refinery and Petrochemicals Limited,,MoPNG,Energy
368840,Devanagonthi to KempeGowda International Airport (KIAL) ATF Pipeline Project,Mangalore Refinery and Petrochemicals Limited,,,color,Karnataka,Karnataka,2026-07-01,2026-07-01,2029-05-01,,234.0,,2026-08,Table 4,41,11,Ministry of Petroleum & Natural Gas,Oil & Gas,mangalore refinery and petrochemicals limited,Mangalore Refinery and Petrochemicals Limited,,MoPNG,Energy
691992,Setting up 167 KTPA Sulphuric Acid Unit and Associated Facilities at Kochi Refinery,Bharat Petroleum Corporation Limited [BPCL],,,color,Kerala,Kerala,2026-07-01,2026-07-01,2029-07-01,,732.86,,2026-08,Table 4,41,12,Ministry of Petroleum & Natural Gas,Oil & Gas,BPCL,Bharat Petroleum Corporation Limited [BPCL],,MoPNG,Energy
168896,Capacity Enhancement of VGOHDT unit at Kochi Refinery,Bharat Petroleum Corporation Limited [BPCL],,,color,Kerala,Kerala,2026-05-01,2026-05-01,2027-01-01,,264.66,,2026-08,Table 4,41,13,Ministry of Petroleum & Natural Gas,Oil & Gas,BPCL,Bharat Petroleum Corporation Limited [BPCL],,MoPNG,Energy
244981,50 MW Wind Power Plant in Madhya Pradesh,Bharat Petroleum Corporation Limited [BPCL],,,color,Madhya Pradesh,Madhya Pradesh,2023-05-01,2023-05-01,2027-04-01,,483.14,,2026-08,Table 4,41,14,Ministry of Petroleum & Natural Gas,Oil & Gas,BPCL,Bharat Petroleum Corporation Limited [BPCL],,MoPNG,Energy
929104,"Vijaipur BPCL, Bina Pipeline Project –",Gas Authority of India Limited [GAIL],,,color,Madhya Pradesh,Madhya Pradesh,2025-09-01,2025-09-01,2027-09-01,,449.04,,2026-08,Table 4,41,15,Ministry of Petroleum & Natural Gas,Oil & Gas,GAIL,Gas Authority of India Limited [GAIL],,MoPNG,Energy
684624,Setting up Coprocessing facility in KHT Unit for production of SAF at MR,Bharat Petroleum Corporation Limited [BPCL],,,color,Maharashtra,Maharashtra,2026-01-01,2026-01-01,2027-12-01,,677.0,,2026-08,Table 4,41,16,Ministry of Petroleum & Natural Gas,Oil & Gas,BPCL,Bharat Petroleum Corporation Limited [BPCL],,MoPNG,Energy
687613,GAS Turbine GT-3 upgrade from frame 6B to 6B.03,Bharat Petroleum Corporation Limited [BPCL],,,color,Maharashtra,Maharashtra,2026-01-01,2026-01-01,2027-07-01,,217.81,,2026-08,Table 4,41,17,Ministry of Petroleum & Natural Gas,Oil & Gas,BPCL,Bharat Petroleum Corporation Limited [BPCL],,MoPNG,Energy
944988,Additional Development of Ratna-I [ADR-I] and NLM-14 Project,Oil and Natural Gas Corporation Limited [ONGC],,,color,Offshore,,2026-07-01,2026-07-01,2029-03-01,,6274.0,,2026-08,Table 4,41,18,Ministry of Petroleum & Natural Gas,Oil & Gas,ONGC,Oil and Natural Gas Corporation Limited [ONGC],,MoPNG,Energy
757296,"Well Head Platforms for MB-OSN-2005/1, SD4 and BS-17 Field (WHPMSBF)",Oil and Natural Gas Corporation Limited [ONGC],,,color,Offshore,,2026-07-01,2026-07-01,2029-03-01,,5519.0,,2026-08,Table 4,41,19,Ministry of Petroleum & Natural Gas,Oil & Gas,ONGC,Oil and Natural Gas Corporation Limited [ONGC],,MoPNG,Energy
785574,Pipeline Replacement Project- PRP-X,Oil and Natural Gas Corporation Limited [ONGC],,,color,Offshore,,2026-07-01,2026-07-01,2027-05-01,,4371.0,,2026-08,Table 4,41,20,Ministry of Petroleum & Natural Gas,Oil & Gas,ONGC,Oil and Natural Gas Corporation Limited [ONGC],,MoPNG,Energy
167179,Group-II/III LOBS Project,Chennai Petroleum Corporation Limited [CPCL],,,color,Tamil Nadu,Tamil Nadu,2026-03-01,2026-03-01,2028-10-01,,1620.0,,2026-08,Table 4,41,21,Ministry of Petroleum & Natural Gas,Oil & Gas,CPCL,Chennai Petroleum Corporation Limited [CPCL],,MoPNG,Energy
553920,Transmission System for proposed Green Hydrogen/ Green Ammonia Projects in Kakinada Area (Phase I),Power Grid Corporation of India Limited [POWERGRID],,,color,Andhra Pradesh,Andhra Pradesh,2026-06-01,2026-06-01,2028-12-01,,1618.0,,2026-08,Table 4,42,22,Ministry of Power,Transmission & Distribution,POWERGRID,Power Grid Corporation of India Limited [POWERGRID],,MoP,Energy
994914,Transmission system strengthening at Tumkur-II for integration of additional RE potential (2.7 GW),Power Grid Corporation of India Limited [POWERGRID],,,color,Karnataka,Karnataka,2026-05-01,2026-05-01,2029-05-01,,1221.0,,2026-08,Table 4,42,23,Ministry of Power,Transmission & Distribution,POWERGRID,Power Grid Corporation of India Limited [POWERGRID],,MoP,Energy
663560,WR ER Inter Regional Network Expansion Scheme Part A – –,Power Grid Corporation of India Limited [POWERGRID],,,color,Multi-States,Chhattisgarh; Jharkhand; West Bengal,2026-06-01,2026-06-01,2029-06-01,,6444.0,,2026-08,Table 4,42,24,Ministry of Power,Transmission & Distribution,POWERGRID,Power Grid Corporation of India Limited [POWERGRID],,MoP,Energy
496150,Upgradation / Conversion of Udumalpet - Madurai 400kV S/c Iine to Udumalpet - Madurai 400kV (quad) D/c line,Power Grid Corporation of India Limited [POWERGRID],,,color,Tamil Nadu,Tamil Nadu,2026-02-01,2026-06-01,2028-08-01,,772.65,,2026-08,Table 4,42,25,Ministry of Power,Transmission & Distribution,POWERGRID,Power Grid Corporation of India Limited [POWERGRID],,MoP,Energy
619046,4L Access controlled Highway From Vakalpudi Light House to Annavaram on NH-16 section of NH-516F From Km0000 to Km40621,NHAI,,,color,Andhra Pradesh,Andhra Pradesh,2023-03-01,2026-08-01,2028-08-01,2028-08-01,1439.0,,2026-08,Table 4,42,26,Ministry of Road Transport & Highways,Roads & Highways,NHAI,National Highways Authority of India [NHAI],,MoRTH,Transport & Logistics
619256,Construction of road from Bomdilla 9th Mile - Nafra Lada section of Frontier Highway NH-913 Package 4 Dishum-Sachung-Lada 113.00 to 167.75 54.75km,MoRTH,,,color,Arunachal Pradesh,Arunachal Pradesh,2024-03-01,2026-07-01,2030-07-01,,1266.86,,2026-08,Table 4,42,27,Ministry of Road Transport & Highways,Roads & Highways,MORTH,MoRTH,,MoRTH,Transport & Logistics
619257,Construction of road from Km 70.000 to Km 113.000 of Bomdila-Nafra-Lada Section of NH-913 Frontier Highway in the State of Arunachal Pradesh L43.000 Km,MoRTH,,,color,Arunachal Pradesh,Arunachal Pradesh,2024-02-01,2026-08-01,2030-08-01,,1240.75,,2026-08,Table 4,42,28,Ministry of Road Transport & Highways,Roads & Highways,MORTH,MoRTH,,MoRTH,Transport & Logistics
619266,Construction of road from Taliha to Tato section of Frontier Highway NH-913 Package 3 km 87.13 to 121.541 34.411km,MoRTH,,,color,Arunachal Pradesh,Arunachal Pradesh,2024-03-01,2026-08-01,2029-08-01,,735.2,,2026-08,Table 4,42,29,Ministry of Road Transport & Highways,Roads & Highways,MORTH,MoRTH,,MoRTH,Transport & Logistics
619267,Construction of road from km 113.25 to km 160.75 of Huri-Taliha section of NH-913 Pkg 3 Frontier Highway to Intermediate Lane on EPC mode in the State of Arunachal Pradesh,MoRTH,,,color,Arunachal Pradesh,Arunachal Pradesh,2024-03-01,2026-08-01,2030-08-01,,1228.64,,2026-08,Table 4,42,30,Ministry of Road Transport & Highways,Roads & Highways,MORTH,MoRTH,,MoRTH,Transport & Logistics
198592,Construction of road from Bomdilla9th Mile- Nafra Lada section of Frontier Highway NH-913 Package 1 9th mile-Nafra 19.554 to 70.00 50.446,MoRTH,,,color,Arunachal Pradesh,Arunachal Pradesh,2025-03-01,2026-07-01,2029-07-01,,1273.44,,2026-08,Table 4,42,31,Ministry of Road Transport & Highways,Roads & Highways,MORTH,MoRTH,,MoRTH,Transport & Logistics
619273,Construction of 6 lane Elevated Structure along with its approaches from Km. 142.000 to Km 144.800 Total Length 2.80 km Gondal on NH27 in the state of Gujarat,NHAI,,,color,Gujarat,Gujarat,2026-02-01,2026-06-01,2028-06-01,2028-06-01,262.28,,2026-08,Table 4,42,32,Ministry of Road Transport & Highways,Roads & Highways,NHAI,National Highways Authority of India [NHAI],,MoRTH,Transport & Logistics
619276,Development of 4-lane with paved shoulders from Budhel Junction to Vartej Y-Junction Km 0900 to Km 9400 on EPC mode under NHO in the State of Gujarat,NHAI,,,color,Gujarat,Gujarat,2025-12-01,2026-07-01,2027-12-01,2026-12-01,247.34,,2026-08,Table 4,42,33,Ministry of Road Transport & Highways,Roads & Highways,NHAI,National Highways Authority of India [NHAI],,MoRTH,Transport & Logistics
619304,Balance work for rehabilitation and upgradation of Sidhi -Singrauli Road from Km 82/400 to Km 187/99 Design Length 105.59 Km of NH-39 Old NH-75E to four lane with paved shoulder in the State of Madhya Pradesh on Item Rate Mode.,NHAI,,,color,Madhya Pradesh,Madhya Pradesh,2026-01-01,2026-05-01,2028-05-01,2028-05-01,568.32,,2026-08,Table 4,42,34,Ministry of Road Transport & Highways,Roads & Highways,NHAI,National Highways Authority of India [NHAI],,MoRTH,Transport & Logistics
619263,Rehabilitation and upgradation of Wardha Salod Hirapur - Pulgaon Section of NH 347A from km 134/283 to Km 159/075 [Design Chainage Km 0000 to Km 24792] to two Lanes with paved shoulder configuration in the state of Maharashtra on EPC mode.,MoRTH,,,color,Maharashtra,Maharashtra,2025-03-01,2026-07-01,2027-12-01,,252.95,,2026-08,Table 4,42,35,Ministry of Road Transport & Highways,Roads & Highways,MORTH,MoRTH,,MoRTH,Transport & Logistics
658240,Shaft Sinking Projects at Kandri Mine.,MOIL Limited,,,color,Maharashtra,Maharashtra,2025-06-01,2026-04-01,2030-04-01,,196.9,,2026-08,Table 4,42,36,Ministry of Steel,Metals & Mining,moil limited,MOIL Limited,,MoS,Others
928129,Shaft Sinking Projects at Dongri Buzurg Mine.,MOIL Limited,,,color,Maharashtra,Maharashtra,2025-06-01,2026-04-01,2030-04-01,,217.45,,2026-08,Table 4,42,37,Ministry of Steel,Metals & Mining,moil limited,MOIL Limited,,MoS,Others
