check_id,month,scope,expected,actual,delta,passed,note
R01,2026-04,Table 6 rows = overview 'Ongoing Projects',1981.0,1981.0,0.0,True,
R02,2026-04,Sum original cost = overview Original Cost (rounded),3712662.0,3712662.01,0.009999999776482582,True,
R03,2026-04,Sum expenditure = overview Expenditure (rounded),2036107.0,2036107.49,0.4899999999906868,True,
R04,2026-04,Table 6 rows = Table 1 grand total count,1981.0,1981.0,0.0,True,
R05,2026-04,Sum original cost = Table 1 grand total,3712662.01,3712662.01,0.0,True,
R06,2026-04,Sum expenditure = Table 1 grand total,2036107.69,2036107.49,-0.19999999995343387,True,
R07,2026-04,Department for Promotion of Industry & Internal Trade: count,8.0,8.0,0.0,True,
R08,2026-04,Department for Promotion of Industry & Internal Trade: original cost,16349.25,16349.25,0.0,True,
R09,2026-04,Department for Promotion of Industry & Internal Trade: expenditure,1674.36,1674.36,0.0,True,
R07,2026-04,Department of Higher Education: count,30.0,30.0,0.0,True,
R08,2026-04,Department of Higher Education: original cost,15165.68,15165.68,0.0,True,
R09,2026-04,Department of Higher Education: expenditure,8310.52,8310.52,0.0,True,
R07,2026-04,Department of Sports: count,1.0,1.0,0.0,True,
R08,2026-04,Department of Sports: original cost,906.47,906.47,0.0,True,
R09,2026-04,Department of Sports: expenditure,574.12,574.12,0.0,True,
R07,2026-04,Department of Telecommunications: count,12.0,12.0,0.0,True,
R08,2026-04,Department of Telecommunications: original cost,151125.15,151125.15,0.0,True,
R09,2026-04,Department of Telecommunications: expenditure,77035.7,77035.7,0.0,True,
R07,2026-04,"Department of Water Resources, River Development & GR: count",48.0,48.0,0.0,True,
R08,2026-04,"Department of Water Resources, River Development & GR: original cost",121294.16,121294.16,0.0,True,
R09,2026-04,"Department of Water Resources, River Development & GR: expenditure",161825.05,161825.21,0.16000000000349246,True,
R07,2026-04,Ministry of Civil Aviation: count,26.0,26.0,0.0,True,
R08,2026-04,Ministry of Civil Aviation: original cost,21600.76,21600.76,0.0,True,
R09,2026-04,Ministry of Civil Aviation: expenditure,10762.0,10762.01,0.010000000000218279,True,
R07,2026-04,Ministry of Coal: count,128.0,128.0,0.0,True,
R08,2026-04,Ministry of Coal: original cost,245149.41,245149.41,0.0,True,
R09,2026-04,Ministry of Coal: expenditure,80005.46,80005.48,0.01999999998952262,True,
R07,2026-04,Ministry of Health & Family Welfare: count,23.0,23.0,0.0,True,
R08,2026-04,Ministry of Health & Family Welfare: original cost,17252.19,17252.19,0.0,True,
R09,2026-04,Ministry of Health & Family Welfare: expenditure,8356.63,8356.63,0.0,True,
R07,2026-04,Ministry of Housing & Urban Affairs: count,51.0,51.0,0.0,True,
R08,2026-04,Ministry of Housing & Urban Affairs: original cost,354143.61,354143.61,0.0,True,
R09,2026-04,Ministry of Housing & Urban Affairs: expenditure,200129.33,200129.04,-0.28999999997904524,True,
R07,2026-04,Ministry of Labour and Employment: count,11.0,11.0,0.0,True,
R08,2026-04,Ministry of Labour and Employment: original cost,2871.72,2871.72,0.0,True,
R09,2026-04,Ministry of Labour and Employment: expenditure,1590.0,1590.0,0.0,True,
R07,2026-04,Ministry of Mines: count,6.0,6.0,0.0,True,
R08,2026-04,Ministry of Mines: original cost,8244.73,8244.73,0.0,True,
R09,2026-04,Ministry of Mines: expenditure,7302.83,7302.83,0.0,True,
R07,2026-04,Ministry of Petroleum & Natural Gas: count,112.0,112.0,0.0,True,
R08,2026-04,Ministry of Petroleum & Natural Gas: original cost,451191.49,451191.49,0.0,True,
R09,2026-04,Ministry of Petroleum & Natural Gas: expenditure,303291.0,303291.49,0.4899999999906868,True,
R07,2026-04,"Ministry of Ports, Shipping and Waterways: count",7.0,7.0,0.0,True,
R08,2026-04,"Ministry of Ports, Shipping and Waterways: original cost",19514.68,19514.68,0.0,True,
R09,2026-04,"Ministry of Ports, Shipping and Waterways: expenditure",15174.37,15174.41,0.039999999999054126,True,
R07,2026-04,Ministry of Power: count,102.0,102.0,0.0,True,
R08,2026-04,Ministry of Power: original cost,495681.93,495681.93,0.0,True,
R09,2026-04,Ministry of Power: expenditure,200895.91,200895.9,-0.010000000009313226,True,
R07,2026-04,Ministry of Railways: count,260.0,260.0,0.0,True,
R08,2026-04,Ministry of Railways: original cost,718136.25,718136.25,0.0,True,
R09,2026-04,Ministry of Railways: expenditure,578947.0,578946.8,-0.19999999995343387,True,
R07,2026-04,Ministry of Road Transport & Highways: count,1137.0,1137.0,0.0,True,
R08,2026-04,Ministry of Road Transport & Highways: original cost,1054522.87,1054522.87,0.0,True,
R09,2026-04,Ministry of Road Transport & Highways: expenditure,369902.0,369901.55,-0.45000000001164153,True,
R07,2026-04,Ministry of Steel: count,19.0,19.0,0.0,True,
R08,2026-04,Ministry of Steel: original cost,19511.66,19511.66,0.0,True,
R09,2026-04,Ministry of Steel: expenditure,10331.41,10331.44,0.030000000000654836,True,
R10,2026-04,Ministry of Civil Aviation / Aviation & Aviation Infrastructure: 'Total (n)' count,26.0,26.0,0.0,True,
R11,2026-04,Ministry of Civil Aviation / Aviation & Aviation Infrastructure: original cost,21600.76,21600.76,0.0,True,
R12,2026-04,Ministry of Civil Aviation / Aviation & Aviation Infrastructure: expenditure,10762.01,10762.01,0.0,True,
R10,2026-04,Ministry of Coal / Coal: 'Total (n)' count,117.0,117.0,0.0,True,
R11,2026-04,Ministry of Coal / Coal: original cost,185612.91,185612.91,0.0,True,
R12,2026-04,Ministry of Coal / Coal: expenditure,48260.78,48260.78,0.0,True,
R10,2026-04,Ministry of Coal / Electricity Generation: 'Total (n)' count,9.0,9.0,0.0,True,
R11,2026-04,Ministry of Coal / Electricity Generation: original cost,56050.64,56050.64,0.0,True,
R12,2026-04,Ministry of Coal / Electricity Generation: expenditure,29405.74,29405.74,0.0,True,
R10,2026-04,Ministry of Coal / Railways: 'Total (n)' count,2.0,2.0,0.0,True,
R11,2026-04,Ministry of Coal / Railways: original cost,3485.86,3485.86,0.0,True,
R12,2026-04,Ministry of Coal / Railways: expenditure,2338.96,2338.96,0.0,True,
R10,2026-04,Ministry of Power / Coal: 'Total (n)' count,2.0,2.0,0.0,True,
R11,2026-04,Ministry of Power / Coal: original cost,2083.0,2083.0,0.0,True,
R12,2026-04,Ministry of Power / Coal: expenditure,1072.11,1072.11,0.0,True,
R10,2026-04,Ministry of Power / Electricity Generation: 'Total (n)' count,31.0,31.0,0.0,True,
R11,2026-04,Ministry of Power / Electricity Generation: original cost,284729.2,284729.2,0.0,True,
R12,2026-04,Ministry of Power / Electricity Generation: expenditure,130569.01,130569.01,0.0,True,
R10,2026-04,Ministry of Power / Transmission & Distribution: 'Total (n)' count,69.0,69.0,0.0,True,
R11,2026-04,Ministry of Power / Transmission & Distribution: original cost,208869.73,208869.73,0.0,True,
R12,2026-04,Ministry of Power / Transmission & Distribution: expenditure,69254.78,69254.78,0.0,True,
R10,2026-04,Ministry of Housing & Urban Affairs / Construction: 'Total (n)' count,1.0,1.0,0.0,True,
R11,2026-04,Ministry of Housing & Urban Affairs / Construction: original cost,644.0,644.0,0.0,True,
R12,2026-04,Ministry of Housing & Urban Affairs / Construction: expenditure,161.57,161.57,0.0,True,
R10,2026-04,Ministry of Housing & Urban Affairs / Real Estate: 'Total (n)' count,4.0,4.0,0.0,True,
R11,2026-04,Ministry of Housing & Urban Affairs / Real Estate: original cost,33749.85,33749.85,0.0,True,
R12,2026-04,Ministry of Housing & Urban Affairs / Real Estate: expenditure,14539.49,14539.49,0.0,True,
R10,2026-04,Ministry of Housing & Urban Affairs / Urban Public Transport: 'Total (n)' count,27.0,27.0,0.0,True,
R11,2026-04,Ministry of Housing & Urban Affairs / Urban Public Transport: original cost,315168.47,315168.47,0.0,True,
R12,2026-04,Ministry of Housing & Urban Affairs / Urban Public Transport: expenditure,181938.72,181938.72,0.0,True,
R10,2026-04,Ministry of Housing & Urban Affairs / Waste & Water: 'Total (n)' count,19.0,19.0,0.0,True,
R11,2026-04,Ministry of Housing & Urban Affairs / Waste & Water: original cost,4581.29,4581.29,0.0,True,
R12,2026-04,Ministry of Housing & Urban Affairs / Waste & Water: expenditure,3489.26,3489.26,0.0,True,
R10,2026-04,Ministry of Mines / Construction: 'Total (n)' count,1.0,1.0,0.0,True,
R11,2026-04,Ministry of Mines / Construction: original cost,255.37,255.37,0.0,True,
R12,2026-04,Ministry of Mines / Construction: expenditure,98.92,98.92,0.0,True,
R10,2026-04,Ministry of Mines / Metals & Mining: 'Total (n)' count,5.0,5.0,0.0,True,
R11,2026-04,Ministry of Mines / Metals & Mining: original cost,7989.36,7989.36,0.0,True,
R12,2026-04,Ministry of Mines / Metals & Mining: expenditure,7203.91,7203.91,0.0,True,
R10,2026-04,Department of Higher Education / Education: 'Total (n)' count,30.0,30.0,0.0,True,
R11,2026-04,Department of Higher Education / Education: original cost,15165.68,15165.68,0.0,True,
R12,2026-04,Department of Higher Education / Education: expenditure,8310.52,8310.52,0.0,True,
R10,2026-04,Department of Sports / Education: 'Total (n)' count,1.0,1.0,0.0,True,
R11,2026-04,Department of Sports / Education: original cost,906.47,906.47,0.0,True,
R12,2026-04,Department of Sports / Education: expenditure,574.12,574.12,0.0,True,
R10,2026-04,Ministry of Petroleum & Natural Gas / Energy Storage: 'Total (n)' count,16.0,16.0,0.0,True,
R11,2026-04,Ministry of Petroleum & Natural Gas / Energy Storage: original cost,80623.3,80623.3,0.0,True,
R12,2026-04,Ministry of Petroleum & Natural Gas / Energy Storage: expenditure,101617.3,101617.3,0.0,True,
R10,2026-04,Ministry of Petroleum & Natural Gas / Oil & Gas: 'Total (n)' count,96.0,96.0,0.0,True,
R11,2026-04,Ministry of Petroleum & Natural Gas / Oil & Gas: original cost,370568.19,370568.19,0.0,True,
R12,2026-04,Ministry of Petroleum & Natural Gas / Oil & Gas: expenditure,201674.19,201674.19,0.0,True,
R10,2026-04,Ministry of Health & Family Welfare / Healthcare: 'Total (n)' count,23.0,23.0,0.0,True,
R11,2026-04,Ministry of Health & Family Welfare / Healthcare: original cost,17252.19,17252.19,0.0,True,
R12,2026-04,Ministry of Health & Family Welfare / Healthcare: expenditure,8356.63,8356.63,0.0,True,
R10,2026-04,Ministry of Labour and Employment / Healthcare: 'Total (n)' count,11.0,11.0,0.0,True,
R11,2026-04,Ministry of Labour and Employment / Healthcare: original cost,2871.72,2871.72,0.0,True,
R12,2026-04,Ministry of Labour and Employment / Healthcare: expenditure,1590.0,1590.0,0.0,True,
R10,2026-04,"Ministry of Ports, Shipping and Waterways / Inland Waterways: 'Total (n)' count",1.0,1.0,0.0,True,
R11,2026-04,"Ministry of Ports, Shipping and Waterways / Inland Waterways: original cost",5369.18,5369.18,0.0,True,
R12,2026-04,"Ministry of Ports, Shipping and Waterways / Inland Waterways: expenditure",3990.06,3990.06,0.0,True,
R10,2026-04,"Ministry of Ports, Shipping and Waterways / Shipping: 'Total (n)' count",5.0,5.0,0.0,True,
R11,2026-04,"Ministry of Ports, Shipping and Waterways / Shipping: original cost",13572.5,13572.5,0.0,True,
R12,2026-04,"Ministry of Ports, Shipping and Waterways / Shipping: expenditure",10569.44,10569.44,0.0,True,
R10,2026-04,"Ministry of Ports, Shipping and Waterways / Tourism, Hospitality & Wellness: 'Total (n)' count",1.0,1.0,0.0,True,
R11,2026-04,"Ministry of Ports, Shipping and Waterways / Tourism, Hospitality & Wellness: original cost",573.0,573.0,0.0,True,
R12,2026-04,"Ministry of Ports, Shipping and Waterways / Tourism, Hospitality & Wellness: expenditure",614.91,614.91,0.0,True,
R10,2026-04,Department for Promotion of Industry & Internal Trade / Logistics Infrastructure: 'Total (n)' count,1.0,1.0,0.0,True,
R11,2026-04,Department for Promotion of Industry & Internal Trade / Logistics Infrastructure: original cost,763.0,763.0,0.0,True,
R12,2026-04,Department for Promotion of Industry & Internal Trade / Logistics Infrastructure: expenditure,430.0,430.0,0.0,True,
R10,2026-04,Department for Promotion of Industry & Internal Trade / Real Estate: 'Total (n)' count,7.0,7.0,0.0,True,
R11,2026-04,Department for Promotion of Industry & Internal Trade / Real Estate: original cost,15586.25,15586.25,0.0,True,
R12,2026-04,Department for Promotion of Industry & Internal Trade / Real Estate: expenditure,1244.36,1244.36,0.0,True,
R10,2026-04,Ministry of Steel / Metals & Mining: 'Total (n)' count,1.0,1.0,0.0,True,
R11,2026-04,Ministry of Steel / Metals & Mining: original cost,1700.0,1700.0,0.0,True,
R12,2026-04,Ministry of Steel / Metals & Mining: expenditure,258.41,258.41,0.0,True,
R10,2026-04,Ministry of Steel / Steel: 'Total (n)' count,18.0,18.0,0.0,True,
R11,2026-04,Ministry of Steel / Steel: original cost,17811.66,17811.66,0.0,True,
R12,2026-04,Ministry of Steel / Steel: expenditure,10073.03,10073.03,0.0,True,
R10,2026-04,Ministry of Railways / Railways: 'Total (n)' count,260.0,260.0,0.0,True,
R11,2026-04,Ministry of Railways / Railways: original cost,718136.25,718136.25,0.0,True,
R12,2026-04,Ministry of Railways / Railways: expenditure,578946.8,578946.8,0.0,True,
R10,2026-04,Ministry of Road Transport & Highways / Roads & Highways: 'Total (n)' count,1137.0,1137.0,0.0,True,
R11,2026-04,Ministry of Road Transport & Highways / Roads & Highways: original cost,1054522.87,1054522.87,0.0,True,
R12,2026-04,Ministry of Road Transport & Highways / Roads & Highways: expenditure,369901.55,369901.55,0.0,True,
R10,2026-04,Department of Telecommunications / Telecommunication: 'Total (n)' count,12.0,12.0,0.0,True,
R11,2026-04,Department of Telecommunications / Telecommunication: original cost,151125.15,151125.15,0.0,True,
R12,2026-04,Department of Telecommunications / Telecommunication: expenditure,77035.7,77035.7,0.0,True,
R10,2026-04,"Department of Water Resources, River Development & GR / Waste & Water: 'Total (n)' count",8.0,8.0,0.0,True,
R11,2026-04,"Department of Water Resources, River Development & GR / Waste & Water: original cost",4039.12,4039.12,0.0,True,
R12,2026-04,"Department of Water Resources, River Development & GR / Waste & Water: expenditure",1643.05,1643.05,0.0,True,
R10,2026-04,"Department of Water Resources, River Development & GR / Water Resources: 'Total (n)' count",40.0,40.0,0.0,True,
R11,2026-04,"Department of Water Resources, River Development & GR / Water Resources: original cost",117255.04,117255.04,0.0,True,
R12,2026-04,"Department of Water Resources, River Development & GR / Water Resources: expenditure",160182.16,160182.16,0.0,True,
R13,2026-04,HML sector 'Roads & Highways': count,1137.0,1137.0,0.0,True,
R13,2026-04,HML sector 'Railways': count,262.0,262.0,0.0,True,
R13,2026-04,HML sector 'Urban Public Transport': count,27.0,27.0,0.0,True,
R13,2026-04,HML sector 'Aviation & Aviation Infrastructure': count,26.0,26.0,0.0,True,
R13,2026-04,HML sector 'Shipping': count,5.0,5.0,0.0,True,
R13,2026-04,HML sector 'Logistics Infrastructure': count,1.0,1.0,0.0,True,
R13,2026-04,HML sector 'Inland Waterways': count,1.0,1.0,0.0,True,
R13,2026-04,HML sector 'Oil & Gas': count,96.0,96.0,0.0,True,
R13,2026-04,HML sector 'Transmission & Distribution': count,69.0,69.0,0.0,True,
R13,2026-04,HML sector 'Electricity Generation': count,40.0,40.0,0.0,True,
R13,2026-04,HML sector 'Energy Storage': count,16.0,16.0,0.0,True,
R13,2026-04,HML sector 'Water Resources': count,40.0,40.0,0.0,True,
R13,2026-04,HML sector 'Waste & Water': count,27.0,27.0,0.0,True,
R13,2026-04,HML sector 'Telecommunication': count,12.0,12.0,0.0,True,
R13,2026-04,HML sector 'Healthcare': count,34.0,34.0,0.0,True,
R13,2026-04,HML sector 'Education': count,31.0,31.0,0.0,True,
R13,2026-04,HML sector 'Real Estate': count,11.0,11.0,0.0,True,
R13,2026-04,"HML sector 'Tourism, Hospitality & Wellness': count",1.0,1.0,0.0,True,
R13,2026-04,HML sector 'Coal': count,119.0,119.0,0.0,True,
R13,2026-04,HML sector 'Steel': count,18.0,18.0,0.0,True,
R13,2026-04,HML sector 'Metals & Mining': count,6.0,6.0,0.0,True,
R13,2026-04,HML sector 'Construction': count,2.0,2.0,0.0,True,
R14,2026-04,Table 3 rows = 'Commissioned during month',9.0,9.0,0.0,True,
R15,2026-04,Table 4 rows = 'Newly Added during month',55.0,55.0,0.0,True,
R16,2026-04,Table 5 (NER) rows = NER page 'Ongoing Projects',229.0,229.0,0.0,True,
R17,2026-04,No duplicate project codes,0.0,0.0,0.0,True,
R18,2026-04,No project row missing a code,0.0,0.0,0.0,True,
R19,2026-04,No project row missing ministry/sector,0.0,0.0,0.0,True,
R01,2026-05,Table 6 rows = overview 'Ongoing Projects',1987.0,1987.0,0.0,True,
R02,2026-05,Sum original cost = overview Original Cost (rounded),3709725.0,3709724.65,-0.35000000009313226,True,
R03,2026-05,Sum expenditure = overview Expenditure (rounded),2181683.0,2181683.19,0.18999999994412065,True,
R04,2026-05,Table 6 rows = Table 1 grand total count,1987.0,1987.0,0.0,True,
R05,2026-05,Sum original cost = Table 1 grand total,3709724.65,3709724.65,0.0,True,
R06,2026-05,Sum expenditure = Table 1 grand total,2181683.71,2181683.19,-0.5200000000186265,True,
R07,2026-05,Department for Promotion of Industry & Internal Trade: count,10.0,10.0,0.0,True,
R08,2026-05,Department for Promotion of Industry & Internal Trade: original cost,18750.91,18750.91,0.0,True,
R09,2026-05,Department for Promotion of Industry & Internal Trade: expenditure,1887.75,1887.75,0.0,True,
R07,2026-05,Department of Higher Education: count,30.0,30.0,0.0,True,
R08,2026-05,Department of Higher Education: original cost,15165.68,15165.68,0.0,True,
R09,2026-05,Department of Higher Education: expenditure,8352.55,8352.55,0.0,True,
R07,2026-05,Department of Sports: count,1.0,1.0,0.0,True,
R08,2026-05,Department of Sports: original cost,906.47,906.47,0.0,True,
R09,2026-05,Department of Sports: expenditure,575.68,575.68,0.0,True,
R07,2026-05,Department of Telecommunications: count,12.0,12.0,0.0,True,
R08,2026-05,Department of Telecommunications: original cost,151125.15,151125.15,0.0,True,
R09,2026-05,Department of Telecommunications: expenditure,76237.3,76237.25,-0.05000000000291038,True,
R07,2026-05,"Department of Water Resources, River Development & GR: count",40.0,40.0,0.0,True,
R08,2026-05,"Department of Water Resources, River Development & GR: original cost",102148.4,102148.4,0.0,True,
R09,2026-05,"Department of Water Resources, River Development & GR: expenditure",142762.05,142762.07,0.02000000001862645,True,
R07,2026-05,Ministry of Civil Aviation: count,26.0,26.0,0.0,True,
R08,2026-05,Ministry of Civil Aviation: original cost,21600.76,21600.76,0.0,True,
R09,2026-05,Ministry of Civil Aviation: expenditure,11077.3,11077.33,0.030000000000654836,True,
R07,2026-05,Ministry of Coal: count,121.0,121.0,0.0,True,
R08,2026-05,Ministry of Coal: original cost,223886.35,223886.35,0.0,True,
R09,2026-05,Ministry of Coal: expenditure,56501.72,56501.72,0.0,True,
R07,2026-05,Ministry of Health & Family Welfare: count,35.0,35.0,0.0,True,
R08,2026-05,Ministry of Health & Family Welfare: original cost,20308.19,20308.19,0.0,True,
R09,2026-05,Ministry of Health & Family Welfare: expenditure,10306.3,10306.26,-0.039999999999054126,True,
R07,2026-05,Ministry of Housing & Urban Affairs: count,50.0,50.0,0.0,True,
R08,2026-05,Ministry of Housing & Urban Affairs: original cost,346215.06,346215.06,0.0,True,
R09,2026-05,Ministry of Housing & Urban Affairs: expenditure,190218.66,190218.57,-0.08999999999650754,True,
R07,2026-05,Ministry of Labour and Employment: count,9.0,9.0,0.0,True,
R08,2026-05,Ministry of Labour and Employment: original cost,2299.24,2299.24,0.0,True,
R09,2026-05,Ministry of Labour and Employment: expenditure,1160.04,1160.04,0.0,True,
R07,2026-05,Ministry of Mines: count,6.0,6.0,0.0,True,
R08,2026-05,Ministry of Mines: original cost,8244.73,8244.73,0.0,True,
R09,2026-05,Ministry of Mines: expenditure,7349.71,7349.71,0.0,True,
R07,2026-05,Ministry of Petroleum & Natural Gas: count,109.0,109.0,0.0,True,
R08,2026-05,Ministry of Petroleum & Natural Gas: original cost,443152.34,443152.34,0.0,True,
R09,2026-05,Ministry of Petroleum & Natural Gas: expenditure,486138.0,486138.33,0.33000000001629815,True,
R07,2026-05,"Ministry of Ports, Shipping and Waterways: count",8.0,8.0,0.0,True,
R08,2026-05,"Ministry of Ports, Shipping and Waterways: original cost",20346.93,20346.93,0.0,True,
R09,2026-05,"Ministry of Ports, Shipping and Waterways: expenditure",15473.23,15473.21,-0.020000000000436557,True,
R07,2026-05,Ministry of Power: count,101.0,101.0,0.0,True,
R08,2026-05,Ministry of Power: original cost,520052.22,520052.22,0.0,True,
R09,2026-05,Ministry of Power: expenditure,201536.61,201536.34,-0.2699999999895226,True,
R07,2026-05,Ministry of Railways: count,261.0,261.0,0.0,True,
R08,2026-05,Ministry of Railways: original cost,728025.49,728025.49,0.0,True,
R09,2026-05,Ministry of Railways: expenditure,583862.0,583861.87,-0.1300000000046566,True,
R07,2026-05,Ministry of Road Transport & Highways: count,1149.0,1149.0,0.0,True,
R08,2026-05,Ministry of Road Transport & Highways: original cost,1067985.07,1067985.07,0.0,True,
R09,2026-05,Ministry of Road Transport & Highways: expenditure,377508.0,377507.67,-0.33000000001629815,True,
R07,2026-05,Ministry of Steel: count,19.0,19.0,0.0,True,
R08,2026-05,Ministry of Steel: original cost,19511.66,19511.66,0.0,True,
R09,2026-05,Ministry of Steel: expenditure,10736.81,10736.84,0.030000000000654836,True,
R10,2026-05,Ministry of Civil Aviation / Aviation & Aviation Infrastructure: 'Total (n)' count,26.0,26.0,0.0,True,
R11,2026-05,Ministry of Civil Aviation / Aviation & Aviation Infrastructure: original cost,21600.76,21600.76,0.0,True,
R12,2026-05,Ministry of Civil Aviation / Aviation & Aviation Infrastructure: expenditure,11077.33,11077.33,0.0,True,
R10,2026-05,Ministry of Coal / Coal: 'Total (n)' count,113.0,113.0,0.0,True,
R11,2026-05,Ministry of Coal / Coal: original cost,183618.68,183618.68,0.0,True,
R12,2026-05,Ministry of Coal / Coal: expenditure,47831.3,47831.3,0.0,True,
R10,2026-05,Ministry of Coal / Electricity Generation: 'Total (n)' count,6.0,6.0,0.0,True,
R11,2026-05,Ministry of Coal / Electricity Generation: original cost,36781.81,36781.81,0.0,True,
R12,2026-05,Ministry of Coal / Electricity Generation: expenditure,6331.46,6331.46,0.0,True,
R10,2026-05,Ministry of Coal / Railways: 'Total (n)' count,2.0,2.0,0.0,True,
R11,2026-05,Ministry of Coal / Railways: original cost,3485.86,3485.86,0.0,True,
R12,2026-05,Ministry of Coal / Railways: expenditure,2338.96,2338.96,0.0,True,
R10,2026-05,Ministry of Power / Coal: 'Total (n)' count,2.0,2.0,0.0,True,
R11,2026-05,Ministry of Power / Coal: original cost,2083.0,2083.0,0.0,True,
R12,2026-05,Ministry of Power / Coal: expenditure,1033.41,1033.41,0.0,True,
R10,2026-05,Ministry of Power / Electricity Generation: 'Total (n)' count,32.0,32.0,0.0,True,
R11,2026-05,Ministry of Power / Electricity Generation: original cost,314074.05,314074.05,0.0,True,
R12,2026-05,Ministry of Power / Electricity Generation: expenditure,134193.75,134193.75,0.0,True,
R10,2026-05,Ministry of Power / Transmission & Distribution: 'Total (n)' count,67.0,67.0,0.0,True,
R11,2026-05,Ministry of Power / Transmission & Distribution: original cost,203895.17,203895.17,0.0,True,
R12,2026-05,Ministry of Power / Transmission & Distribution: expenditure,66309.18,66309.18,0.0,True,
R10,2026-05,Ministry of Housing & Urban Affairs / Construction: 'Total (n)' count,1.0,1.0,0.0,True,
R11,2026-05,Ministry of Housing & Urban Affairs / Construction: original cost,644.0,644.0,0.0,True,
R12,2026-05,Ministry of Housing & Urban Affairs / Construction: expenditure,161.57,161.57,0.0,True,
R10,2026-05,Ministry of Housing & Urban Affairs / Real Estate: 'Total (n)' count,4.0,4.0,0.0,True,
R11,2026-05,Ministry of Housing & Urban Affairs / Real Estate: original cost,33749.85,33749.85,0.0,True,
R12,2026-05,Ministry of Housing & Urban Affairs / Real Estate: expenditure,15088.0,15088.0,0.0,True,
R10,2026-05,Ministry of Housing & Urban Affairs / Urban Public Transport: 'Total (n)' count,29.0,29.0,0.0,True,
R11,2026-05,Ministry of Housing & Urban Affairs / Urban Public Transport: original cost,307834.71,307834.71,0.0,True,
R12,2026-05,Ministry of Housing & Urban Affairs / Urban Public Transport: expenditure,171812.91,171812.91,0.0,True,
R10,2026-05,Ministry of Housing & Urban Affairs / Waste & Water: 'Total (n)' count,16.0,16.0,0.0,True,
R11,2026-05,Ministry of Housing & Urban Affairs / Waste & Water: original cost,3986.5,3986.5,0.0,True,
R12,2026-05,Ministry of Housing & Urban Affairs / Waste & Water: expenditure,3156.09,3156.09,0.0,True,
R10,2026-05,Ministry of Mines / Construction: 'Total (n)' count,1.0,1.0,0.0,True,
R11,2026-05,Ministry of Mines / Construction: original cost,255.37,255.37,0.0,True,
R12,2026-05,Ministry of Mines / Construction: expenditure,98.92,98.92,0.0,True,
R10,2026-05,Ministry of Mines / Metals & Mining: 'Total (n)' count,5.0,5.0,0.0,True,
R11,2026-05,Ministry of Mines / Metals & Mining: original cost,7989.36,7989.36,0.0,True,
R12,2026-05,Ministry of Mines / Metals & Mining: expenditure,7250.79,7250.79,0.0,True,
R10,2026-05,Department of Higher Education / Education: 'Total (n)' count,30.0,30.0,0.0,True,
R11,2026-05,Department of Higher Education / Education: original cost,15165.68,15165.68,0.0,True,
R12,2026-05,Department of Higher Education / Education: expenditure,8352.55,8352.55,0.0,True,
R10,2026-05,Department of Sports / Education: 'Total (n)' count,1.0,1.0,0.0,True,
R11,2026-05,Department of Sports / Education: original cost,906.47,906.47,0.0,True,
R12,2026-05,Department of Sports / Education: expenditure,575.68,575.68,0.0,True,
R10,2026-05,Ministry of Petroleum & Natural Gas / Energy Storage: 'Total (n)' count,16.0,16.0,0.0,True,
R11,2026-05,Ministry of Petroleum & Natural Gas / Energy Storage: original cost,80623.3,80623.3,0.0,True,
R12,2026-05,Ministry of Petroleum & Natural Gas / Energy Storage: expenditure,103092.24,103092.24,0.0,True,
R10,2026-05,Ministry of Petroleum & Natural Gas / Oil & Gas: 'Total (n)' count,93.0,93.0,0.0,True,
R11,2026-05,Ministry of Petroleum & Natural Gas / Oil & Gas: original cost,362529.04,362529.04,0.0,True,
R12,2026-05,Ministry of Petroleum & Natural Gas / Oil & Gas: expenditure,383046.09,383046.09,0.0,True,
R10,2026-05,Ministry of Health & Family Welfare / Healthcare: 'Total (n)' count,35.0,35.0,0.0,True,
R11,2026-05,Ministry of Health & Family Welfare / Healthcare: original cost,20308.19,20308.19,0.0,True,
R12,2026-05,Ministry of Health & Family Welfare / Healthcare: expenditure,10306.26,10306.26,0.0,True,
R10,2026-05,Ministry of Labour and Employment / Healthcare: 'Total (n)' count,9.0,9.0,0.0,True,
R11,2026-05,Ministry of Labour and Employment / Healthcare: original cost,2299.24,2299.24,0.0,True,
R12,2026-05,Ministry of Labour and Employment / Healthcare: expenditure,1160.04,1160.04,0.0,True,
R10,2026-05,"Ministry of Ports, Shipping and Waterways / Inland Waterways: 'Total (n)' count",1.0,1.0,0.0,True,
R11,2026-05,"Ministry of Ports, Shipping and Waterways / Inland Waterways: original cost",5369.18,5369.18,0.0,True,
R12,2026-05,"Ministry of Ports, Shipping and Waterways / Inland Waterways: expenditure",4028.82,4028.82,0.0,True,
R10,2026-05,"Ministry of Ports, Shipping and Waterways / Shipping: 'Total (n)' count",6.0,6.0,0.0,True,
R11,2026-05,"Ministry of Ports, Shipping and Waterways / Shipping: original cost",14404.75,14404.75,0.0,True,
R12,2026-05,"Ministry of Ports, Shipping and Waterways / Shipping: expenditure",10819.98,10819.98,0.0,True,
R10,2026-05,"Ministry of Ports, Shipping and Waterways / Tourism, Hospitality & Wellness: 'Total (n)' count",1.0,1.0,0.0,True,
R11,2026-05,"Ministry of Ports, Shipping and Waterways / Tourism, Hospitality & Wellness: original cost",573.0,573.0,0.0,True,
R12,2026-05,"Ministry of Ports, Shipping and Waterways / Tourism, Hospitality & Wellness: expenditure",624.41,624.41,0.0,True,
R10,2026-05,Department for Promotion of Industry & Internal Trade / Logistics Infrastructure: 'Total (n)' count,2.0,2.0,0.0,True,
R11,2026-05,Department for Promotion of Industry & Internal Trade / Logistics Infrastructure: original cost,2243.0,2243.0,0.0,True,
R12,2026-05,Department for Promotion of Industry & Internal Trade / Logistics Infrastructure: expenditure,430.0,430.0,0.0,True,
R10,2026-05,Department for Promotion of Industry & Internal Trade / Real Estate: 'Total (n)' count,8.0,8.0,0.0,True,
R11,2026-05,Department for Promotion of Industry & Internal Trade / Real Estate: original cost,16507.91,16507.91,0.0,True,
R12,2026-05,Department for Promotion of Industry & Internal Trade / Real Estate: expenditure,1457.75,1457.75,0.0,True,
R10,2026-05,Ministry of Steel / Metals & Mining: 'Total (n)' count,1.0,1.0,0.0,True,
R11,2026-05,Ministry of Steel / Metals & Mining: original cost,1700.0,1700.0,0.0,True,
R12,2026-05,Ministry of Steel / Metals & Mining: expenditure,263.01,263.01,0.0,True,
R10,2026-05,Ministry of Steel / Steel: 'Total (n)' count,18.0,18.0,0.0,True,
R11,2026-05,Ministry of Steel / Steel: original cost,17811.66,17811.66,0.0,True,
R12,2026-05,Ministry of Steel / Steel: expenditure,10473.83,10473.83,0.0,True,
R10,2026-05,Ministry of Railways / Railways: 'Total (n)' count,261.0,261.0,0.0,True,
R11,2026-05,Ministry of Railways / Railways: original cost,728025.49,728025.49,0.0,True,
R12,2026-05,Ministry of Railways / Railways: expenditure,583861.87,583861.87,0.0,True,
R10,2026-05,Ministry of Road Transport & Highways / Roads & Highways: 'Total (n)' count,1149.0,1149.0,0.0,True,
R11,2026-05,Ministry of Road Transport & Highways / Roads & Highways: original cost,1067985.07,1067985.07,0.0,True,
R12,2026-05,Ministry of Road Transport & Highways / Roads & Highways: expenditure,377507.67,377507.67,0.0,True,
R10,2026-05,Department of Telecommunications / Telecommunication: 'Total (n)' count,12.0,12.0,0.0,True,
R11,2026-05,Department of Telecommunications / Telecommunication: original cost,151125.15,151125.15,0.0,True,
R12,2026-05,Department of Telecommunications / Telecommunication: expenditure,76237.25,76237.25,0.0,True,
R10,2026-05,"Department of Water Resources, River Development & GR / Waste & Water: 'Total (n)' count",8.0,8.0,0.0,True,
R11,2026-05,"Department of Water Resources, River Development & GR / Waste & Water: original cost",4039.12,4039.12,0.0,True,
R12,2026-05,"Department of Water Resources, River Development & GR / Waste & Water: expenditure",1643.05,1643.05,0.0,True,
R10,2026-05,"Department of Water Resources, River Development & GR / Water Resources: 'Total (n)' count",32.0,32.0,0.0,True,
R11,2026-05,"Department of Water Resources, River Development & GR / Water Resources: original cost",98109.28,98109.28,0.0,True,
R12,2026-05,"Department of Water Resources, River Development & GR / Water Resources: expenditure",141119.02,141119.02,0.0,True,
R13,2026-05,HML sector 'Roads & Highways': count,1149.0,1149.0,0.0,True,
R13,2026-05,HML sector 'Railways': count,263.0,263.0,0.0,True,
R13,2026-05,HML sector 'Urban Public Transport': count,29.0,29.0,0.0,True,
R13,2026-05,HML sector 'Aviation & Aviation Infrastructure': count,26.0,26.0,0.0,True,
R13,2026-05,HML sector 'Shipping': count,6.0,6.0,0.0,True,
R13,2026-05,HML sector 'Logistics Infrastructure': count,2.0,2.0,0.0,True,
R13,2026-05,HML sector 'Inland Waterways': count,1.0,1.0,0.0,True,
R13,2026-05,HML sector 'Oil & Gas': count,93.0,93.0,0.0,True,
R13,2026-05,HML sector 'Transmission & Distribution': count,67.0,67.0,0.0,True,
R13,2026-05,HML sector 'Electricity Generation': count,38.0,38.0,0.0,True,
R13,2026-05,HML sector 'Energy Storage': count,16.0,16.0,0.0,True,
R13,2026-05,HML sector 'Water Resources': count,32.0,32.0,0.0,True,
R13,2026-05,HML sector 'Waste & Water': count,24.0,24.0,0.0,True,
R13,2026-05,HML sector 'Telecommunication': count,12.0,12.0,0.0,True,
R13,2026-05,HML sector 'Healthcare': count,44.0,44.0,0.0,True,
R13,2026-05,HML sector 'Education': count,31.0,31.0,0.0,True,
R13,2026-05,HML sector 'Real Estate': count,12.0,12.0,0.0,True,
R13,2026-05,"HML sector 'Tourism, Hospitality & Wellness': count",1.0,1.0,0.0,True,
R13,2026-05,HML sector 'Coal': count,115.0,115.0,0.0,True,
R13,2026-05,HML sector 'Steel': count,18.0,18.0,0.0,True,
R13,2026-05,HML sector 'Metals & Mining': count,6.0,6.0,0.0,True,
R13,2026-05,HML sector 'Construction': count,2.0,2.0,0.0,True,
R14,2026-05,Table 3 rows = 'Commissioned during month',16.0,16.0,0.0,True,
R15,2026-05,Table 4 rows = 'Newly Added during month',35.0,35.0,0.0,True,
R16,2026-05,Table 5 (NER) rows = NER page 'Ongoing Projects',230.0,230.0,0.0,True,
R17,2026-05,No duplicate project codes,0.0,0.0,0.0,True,
R18,2026-05,No project row missing a code,0.0,0.0,0.0,True,
R19,2026-05,No project row missing ministry/sector,0.0,0.0,0.0,True,
R01,2026-06,Table 6 rows = overview 'Ongoing Projects',1847.0,1847.0,0.0,True,
R02,2026-06,Sum original cost = overview Original Cost (rounded),3561721.0,3561721.07,0.06999999983236194,True,
R03,2026-06,Sum expenditure = overview Expenditure (rounded),2196664.0,2196663.55,-0.4500000001862645,True,
R04,2026-06,Table 6 rows = Table 1 grand total count,1847.0,1847.0,0.0,True,
R05,2026-06,Sum original cost = Table 1 grand total,3561721.07,3561721.07,0.0,True,
R06,2026-06,Sum expenditure = Table 1 grand total,2196663.25,2196663.55,0.2999999998137355,True,
R07,2026-06,Department for Promotion of Industry & Internal Trade: count,9.0,9.0,0.0,True,
R08,2026-06,Department for Promotion of Industry & Internal Trade: original cost,17270.91,17270.91,0.0,True,
R09,2026-06,Department for Promotion of Industry & Internal Trade: expenditure,2172.34,2172.34,0.0,True,
R07,2026-06,Department of Higher Education: count,30.0,30.0,0.0,True,
R08,2026-06,Department of Higher Education: original cost,15165.68,15165.68,0.0,True,
R09,2026-06,Department of Higher Education: expenditure,8423.25,8423.25,0.0,True,
R07,2026-06,Department of Sports: count,1.0,1.0,0.0,True,
R08,2026-06,Department of Sports: original cost,906.47,906.47,0.0,True,
R09,2026-06,Department of Sports: expenditure,576.37,576.37,0.0,True,
R07,2026-06,Department of Telecommunications: count,15.0,15.0,0.0,True,
R08,2026-06,Department of Telecommunications: original cost,161792.15,161792.15,0.0,True,
R09,2026-06,Department of Telecommunications: expenditure,79930.2,79930.24,0.04000000000814907,True,
R07,2026-06,"Department of Water Resources, River Development & GR: count",40.0,40.0,0.0,True,
R08,2026-06,"Department of Water Resources, River Development & GR: original cost",102148.4,102148.4,0.0,True,
R09,2026-06,"Department of Water Resources, River Development & GR: expenditure",145109.55,145109.72,0.17000000001280569,True,
R07,2026-06,Ministry of Civil Aviation: count,25.0,25.0,0.0,True,
R08,2026-06,Ministry of Civil Aviation: original cost,21345.07,21345.07,0.0,True,
R09,2026-06,Ministry of Civil Aviation: expenditure,11209.2,11209.22,0.019999999998617568,True,
R07,2026-06,Ministry of Coal: count,121.0,121.0,0.0,True,
R08,2026-06,Ministry of Coal: original cost,223090.93,223090.93,0.0,True,
R09,2026-06,Ministry of Coal: expenditure,58702.33,58702.32,-0.010000000002037268,True,
R07,2026-06,Ministry of Health & Family Welfare: count,35.0,35.0,0.0,True,
R08,2026-06,Ministry of Health & Family Welfare: original cost,20308.19,20308.19,0.0,True,
R09,2026-06,Ministry of Health & Family Welfare: expenditure,10433.5,10433.53,0.030000000000654836,True,
R07,2026-06,Ministry of Housing & Urban Affairs: count,50.0,50.0,0.0,True,
R08,2026-06,Ministry of Housing & Urban Affairs: original cost,346215.06,346215.06,0.0,True,
R09,2026-06,Ministry of Housing & Urban Affairs: expenditure,191144.67,191144.47,-0.20000000001164153,True,
R07,2026-06,Ministry of Labour and Employment: count,9.0,9.0,0.0,True,
R08,2026-06,Ministry of Labour and Employment: original cost,2299.24,2299.24,0.0,True,
R09,2026-06,Ministry of Labour and Employment: expenditure,1160.08,1160.08,0.0,True,
R07,2026-06,Ministry of Mines: count,6.0,6.0,0.0,True,
R08,2026-06,Ministry of Mines: original cost,8244.73,8244.73,0.0,True,
R09,2026-06,Ministry of Mines: expenditure,7450.82,7450.82,0.0,True,
R07,2026-06,Ministry of Petroleum & Natural Gas: count,105.0,105.0,0.0,True,
R08,2026-06,Ministry of Petroleum & Natural Gas: original cost,398962.34,398962.34,0.0,True,
R09,2026-06,Ministry of Petroleum & Natural Gas: expenditure,419390.4,419390.55,0.1499999999650754,True,
R07,2026-06,"Ministry of Ports, Shipping and Waterways: count",8.0,8.0,0.0,True,
R08,2026-06,"Ministry of Ports, Shipping and Waterways: original cost",20346.93,20346.93,0.0,True,
R09,2026-06,"Ministry of Ports, Shipping and Waterways: expenditure",15726.52,15726.48,-0.040000000000873115,True,
R07,2026-06,Ministry of Power: count,98.0,98.0,0.0,True,
R08,2026-06,Ministry of Power: original cost,513772.28,513772.28,0.0,True,
R09,2026-06,Ministry of Power: expenditure,203449.91,203450.18,0.2699999999895226,True,
R07,2026-06,Ministry of Railways: count,255.0,255.0,0.0,True,
R08,2026-06,Ministry of Railways: original cost,721177.95,721177.95,0.0,True,
R09,2026-06,Ministry of Railways: expenditure,581963.0,581963.35,0.34999999997671694,True,
R07,2026-06,Ministry of Road Transport & Highways: count,1022.0,1022.0,0.0,True,
R08,2026-06,Ministry of Road Transport & Highways: original cost,969676.9,969676.9,0.0,True,
R09,2026-06,Ministry of Road Transport & Highways: expenditure,448973.0,448972.5,-0.5,True,
R07,2026-06,Ministry of Steel: count,18.0,18.0,0.0,True,
R08,2026-06,Ministry of Steel: original cost,18997.84,18997.84,0.0,True,
R09,2026-06,Ministry of Steel: expenditure,10848.11,10848.13,0.019999999998617568,True,
R10,2026-06,Ministry of Civil Aviation / Aviation & Aviation Infrastructure: 'Total (n)' count,25.0,25.0,0.0,True,
R11,2026-06,Ministry of Civil Aviation / Aviation & Aviation Infrastructure: original cost,21345.07,21345.07,0.0,True,
R12,2026-06,Ministry of Civil Aviation / Aviation & Aviation Infrastructure: expenditure,11209.22,11209.22,0.0,True,
R10,2026-06,Ministry of Coal / Coal: 'Total (n)' count,113.0,113.0,0.0,True,
R11,2026-06,Ministry of Coal / Coal: original cost,182823.26,182823.26,0.0,True,
R12,2026-06,Ministry of Coal / Coal: expenditure,50030.39,50030.39,0.0,True,
R10,2026-06,Ministry of Coal / Electricity Generation: 'Total (n)' count,6.0,6.0,0.0,True,
R11,2026-06,Ministry of Coal / Electricity Generation: original cost,36781.81,36781.81,0.0,True,
R12,2026-06,Ministry of Coal / Electricity Generation: expenditure,6166.01,6166.01,0.0,True,
R10,2026-06,Ministry of Coal / Railways: 'Total (n)' count,2.0,2.0,0.0,True,
R11,2026-06,Ministry of Coal / Railways: original cost,3485.86,3485.86,0.0,True,
R12,2026-06,Ministry of Coal / Railways: expenditure,2505.92,2505.92,0.0,True,
R10,2026-06,Ministry of Power / Coal: 'Total (n)' count,2.0,2.0,0.0,True,
R11,2026-06,Ministry of Power / Coal: original cost,2083.0,2083.0,0.0,True,
R12,2026-06,Ministry of Power / Coal: expenditure,1053.41,1053.41,0.0,True,
R10,2026-06,Ministry of Power / Electricity Generation: 'Total (n)' count,32.0,32.0,0.0,True,
R11,2026-06,Ministry of Power / Electricity Generation: original cost,314074.05,314074.05,0.0,True,
R12,2026-06,Ministry of Power / Electricity Generation: expenditure,136477.31,136477.31,0.0,True,
R10,2026-06,Ministry of Power / Transmission & Distribution: 'Total (n)' count,64.0,64.0,0.0,True,
R11,2026-06,Ministry of Power / Transmission & Distribution: original cost,197615.23,197615.23,0.0,True,
R12,2026-06,Ministry of Power / Transmission & Distribution: expenditure,65919.46,65919.46,0.0,True,
R10,2026-06,Ministry of Housing & Urban Affairs / Construction: 'Total (n)' count,1.0,1.0,0.0,True,
R11,2026-06,Ministry of Housing & Urban Affairs / Construction: original cost,644.0,644.0,0.0,True,
R12,2026-06,Ministry of Housing & Urban Affairs / Construction: expenditure,175.79,175.79,0.0,True,
R10,2026-06,Ministry of Housing & Urban Affairs / Real Estate: 'Total (n)' count,4.0,4.0,0.0,True,
R11,2026-06,Ministry of Housing & Urban Affairs / Real Estate: original cost,33749.85,33749.85,0.0,True,
R12,2026-06,Ministry of Housing & Urban Affairs / Real Estate: expenditure,15088.0,15088.0,0.0,True,
R10,2026-06,Ministry of Housing & Urban Affairs / Urban Public Transport: 'Total (n)' count,29.0,29.0,0.0,True,
R11,2026-06,Ministry of Housing & Urban Affairs / Urban Public Transport: original cost,307834.71,307834.71,0.0,True,
R12,2026-06,Ministry of Housing & Urban Affairs / Urban Public Transport: expenditure,172729.8,172729.8,0.0,True,
R10,2026-06,Ministry of Housing & Urban Affairs / Waste & Water: 'Total (n)' count,16.0,16.0,0.0,True,
R11,2026-06,Ministry of Housing & Urban Affairs / Waste & Water: original cost,3986.5,3986.5,0.0,True,
R12,2026-06,Ministry of Housing & Urban Affairs / Waste & Water: expenditure,3150.88,3150.88,0.0,True,
R10,2026-06,Ministry of Mines / Construction: 'Total (n)' count,1.0,1.0,0.0,True,
R11,2026-06,Ministry of Mines / Construction: original cost,255.37,255.37,0.0,True,
R12,2026-06,Ministry of Mines / Construction: expenditure,98.92,98.92,0.0,True,
R10,2026-06,Ministry of Mines / Metals & Mining: 'Total (n)' count,5.0,5.0,0.0,True,
R11,2026-06,Ministry of Mines / Metals & Mining: original cost,7989.36,7989.36,0.0,True,
R12,2026-06,Ministry of Mines / Metals & Mining: expenditure,7351.9,7351.9,0.0,True,
R10,2026-06,Department of Higher Education / Education: 'Total (n)' count,30.0,30.0,0.0,True,
R11,2026-06,Department of Higher Education / Education: original cost,15165.68,15165.68,0.0,True,
R12,2026-06,Department of Higher Education / Education: expenditure,8423.25,8423.25,0.0,True,
R10,2026-06,Department of Sports / Education: 'Total (n)' count,1.0,1.0,0.0,True,
R11,2026-06,Department of Sports / Education: original cost,906.47,906.47,0.0,True,
R12,2026-06,Department of Sports / Education: expenditure,576.37,576.37,0.0,True,
R10,2026-06,Ministry of Petroleum & Natural Gas / Energy Storage: 'Total (n)' count,14.0,14.0,0.0,True,
R11,2026-06,Ministry of Petroleum & Natural Gas / Energy Storage: original cost,36838.3,36838.3,0.0,True,
R12,2026-06,Ministry of Petroleum & Natural Gas / Energy Storage: expenditure,32754.43,32754.43,0.0,True,
R10,2026-06,Ministry of Petroleum & Natural Gas / Oil & Gas: 'Total (n)' count,91.0,91.0,0.0,True,
R11,2026-06,Ministry of Petroleum & Natural Gas / Oil & Gas: original cost,362124.04,362124.04,0.0,True,
R12,2026-06,Ministry of Petroleum & Natural Gas / Oil & Gas: expenditure,386636.12,386636.12,0.0,True,
R10,2026-06,Ministry of Health & Family Welfare / Healthcare: 'Total (n)' count,35.0,35.0,0.0,True,
R11,2026-06,Ministry of Health & Family Welfare / Healthcare: original cost,20308.19,20308.19,0.0,True,
R12,2026-06,Ministry of Health & Family Welfare / Healthcare: expenditure,10433.53,10433.53,0.0,True,
R10,2026-06,Ministry of Labour and Employment / Healthcare: 'Total (n)' count,9.0,9.0,0.0,True,
R11,2026-06,Ministry of Labour and Employment / Healthcare: original cost,2299.24,2299.24,0.0,True,
R12,2026-06,Ministry of Labour and Employment / Healthcare: expenditure,1160.08,1160.08,0.0,True,
R10,2026-06,"Ministry of Ports, Shipping and Waterways / Inland Waterways: 'Total (n)' count",1.0,1.0,0.0,True,
R11,2026-06,"Ministry of Ports, Shipping and Waterways / Inland Waterways: original cost",5369.18,5369.18,0.0,True,
R12,2026-06,"Ministry of Ports, Shipping and Waterways / Inland Waterways: expenditure",4117.61,4117.61,0.0,True,
R10,2026-06,"Ministry of Ports, Shipping and Waterways / Shipping: 'Total (n)' count",6.0,6.0,0.0,True,
R11,2026-06,"Ministry of Ports, Shipping and Waterways / Shipping: original cost",14404.75,14404.75,0.0,True,
R12,2026-06,"Ministry of Ports, Shipping and Waterways / Shipping: expenditure",10971.96,10971.96,0.0,True,
R10,2026-06,"Ministry of Ports, Shipping and Waterways / Tourism, Hospitality & Wellness: 'Total (n)' count",1.0,1.0,0.0,True,
R11,2026-06,"Ministry of Ports, Shipping and Waterways / Tourism, Hospitality & Wellness: original cost",573.0,573.0,0.0,True,
R12,2026-06,"Ministry of Ports, Shipping and Waterways / Tourism, Hospitality & Wellness: expenditure",636.91,636.91,0.0,True,
R10,2026-06,Department for Promotion of Industry & Internal Trade / Logistics Infrastructure: 'Total (n)' count,1.0,1.0,0.0,True,
R11,2026-06,Department for Promotion of Industry & Internal Trade / Logistics Infrastructure: original cost,763.0,763.0,0.0,True,
R12,2026-06,Department for Promotion of Industry & Internal Trade / Logistics Infrastructure: expenditure,430.0,430.0,0.0,True,
R10,2026-06,Department for Promotion of Industry & Internal Trade / Real Estate: 'Total (n)' count,8.0,8.0,0.0,True,
R11,2026-06,Department for Promotion of Industry & Internal Trade / Real Estate: original cost,16507.91,16507.91,0.0,True,
R12,2026-06,Department for Promotion of Industry & Internal Trade / Real Estate: expenditure,1742.34,1742.34,0.0,True,
R10,2026-06,Ministry of Steel / Metals & Mining: 'Total (n)' count,1.0,1.0,0.0,True,
R11,2026-06,Ministry of Steel / Metals & Mining: original cost,1700.0,1700.0,0.0,True,
R12,2026-06,Ministry of Steel / Metals & Mining: expenditure,263.01,263.01,0.0,True,
R10,2026-06,Ministry of Steel / Steel: 'Total (n)' count,17.0,17.0,0.0,True,
R11,2026-06,Ministry of Steel / Steel: original cost,17297.84,17297.84,0.0,True,
R12,2026-06,Ministry of Steel / Steel: expenditure,10585.12,10585.12,0.0,True,
R10,2026-06,Ministry of Railways / Railways: 'Total (n)' count,255.0,255.0,0.0,True,
R11,2026-06,Ministry of Railways / Railways: original cost,721177.95,721177.95,0.0,True,
R12,2026-06,Ministry of Railways / Railways: expenditure,581963.35,581963.35,0.0,True,
R10,2026-06,Ministry of Road Transport & Highways / Roads & Highways: 'Total (n)' count,1022.0,1022.0,0.0,True,
R11,2026-06,Ministry of Road Transport & Highways / Roads & Highways: original cost,,969676.9,,,no official figure printed
R12,2026-06,Ministry of Road Transport & Highways / Roads & Highways: expenditure,448972.5,448972.5,0.0,True,
R10,2026-06,Department of Telecommunications / Telecommunication: 'Total (n)' count,15.0,15.0,0.0,True,
R11,2026-06,Department of Telecommunications / Telecommunication: original cost,161792.15,161792.15,0.0,True,
R12,2026-06,Department of Telecommunications / Telecommunication: expenditure,79930.24,79930.24,0.0,True,
R10,2026-06,"Department of Water Resources, River Development & GR / Waste & Water: 'Total (n)' count",8.0,8.0,0.0,True,
R11,2026-06,"Department of Water Resources, River Development & GR / Waste & Water: original cost",4039.12,4039.12,0.0,True,
R12,2026-06,"Department of Water Resources, River Development & GR / Waste & Water: expenditure",1655.55,1655.55,0.0,True,
R10,2026-06,"Department of Water Resources, River Development & GR / Water Resources: 'Total (n)' count",32.0,32.0,0.0,True,
R11,2026-06,"Department of Water Resources, River Development & GR / Water Resources: original cost",98109.28,98109.28,0.0,True,
R12,2026-06,"Department of Water Resources, River Development & GR / Water Resources: expenditure",143454.17,143454.17,0.0,True,
R13,2026-06,HML sector 'Roads & Highways': count,1022.0,1022.0,0.0,True,
R13,2026-06,HML sector 'Railways': count,257.0,257.0,0.0,True,
R13,2026-06,HML sector 'Urban Public Transport': count,29.0,29.0,0.0,True,
R13,2026-06,HML sector 'Aviation & Aviation Infrastructure': count,25.0,25.0,0.0,True,
R13,2026-06,HML sector 'Shipping': count,6.0,6.0,0.0,True,
R13,2026-06,HML sector 'Logistics Infrastructure': count,1.0,1.0,0.0,True,
R13,2026-06,HML sector 'Inland Waterways': count,1.0,1.0,0.0,True,
R13,2026-06,HML sector 'Oil & Gas': count,91.0,91.0,0.0,True,
R13,2026-06,HML sector 'Transmission & Distribution': count,64.0,64.0,0.0,True,
R13,2026-06,HML sector 'Electricity Generation': count,38.0,38.0,0.0,True,
R13,2026-06,HML sector 'Energy Storage': count,14.0,14.0,0.0,True,
R13,2026-06,HML sector 'Water Resources': count,32.0,32.0,0.0,True,
R13,2026-06,HML sector 'Waste & Water': count,24.0,24.0,0.0,True,
R13,2026-06,HML sector 'Telecommunication': count,15.0,15.0,0.0,True,
R13,2026-06,HML sector 'Healthcare': count,44.0,44.0,0.0,True,
R13,2026-06,HML sector 'Education': count,31.0,31.0,0.0,True,
R13,2026-06,HML sector 'Real Estate': count,12.0,12.0,0.0,True,
R13,2026-06,"HML sector 'Tourism, Hospitality & Wellness': count",1.0,1.0,0.0,True,
R13,2026-06,HML sector 'Coal': count,115.0,115.0,0.0,True,
R13,2026-06,HML sector 'Steel': count,17.0,17.0,0.0,True,
R13,2026-06,HML sector 'Metals & Mining': count,6.0,6.0,0.0,True,
R13,2026-06,HML sector 'Construction': count,2.0,2.0,0.0,True,
R14,2026-06,Table 3 rows = 'Commissioned during month',130.0,130.0,0.0,True,
R15,2026-06,Table 4 rows = 'Newly Added during month',17.0,17.0,0.0,True,
R16,2026-06,Table 5 (NER) rows = NER page 'Ongoing Projects',218.0,218.0,0.0,True,
R17,2026-06,No duplicate project codes,0.0,0.0,0.0,True,
R18,2026-06,No project row missing a code,0.0,0.0,0.0,True,
R19,2026-06,No project row missing ministry/sector,0.0,0.0,0.0,True,
R01,2026-07,Table 6 rows = overview 'Ongoing Projects',1775.0,1775.0,0.0,True,
R02,2026-07,Sum original cost = overview Original Cost (rounded),3370138.0,3370138.22,0.22000000020489097,True,
R03,2026-07,Sum expenditure = overview Expenditure (rounded),1926100.0,1926099.57,-0.4299999999348074,True,
R04,2026-07,Table 6 rows = Table 1 grand total count,1775.0,1775.0,0.0,True,
R05,2026-07,Sum original cost = Table 1 grand total,3370138.22,3370138.22,0.0,True,
R06,2026-07,Sum expenditure = Table 1 grand total,1926099.57,1926099.57,0.0,True,
R07,2026-07,Department for Promotion of Industry & Internal Trade: count,12.0,12.0,0.0,True,
R08,2026-07,Department for Promotion of Industry & Internal Trade: original cost,21243.02,21243.02,0.0,True,
R09,2026-07,Department for Promotion of Industry & Internal Trade: expenditure,2323.94,2323.94,0.0,True,
R07,2026-07,Department of Higher Education: count,30.0,30.0,0.0,True,
R08,2026-07,Department of Higher Education: original cost,15165.68,15165.68,0.0,True,
R09,2026-07,Department of Higher Education: expenditure,8632.49,8632.49,0.0,True,
R07,2026-07,Department of Sports: count,1.0,1.0,0.0,True,
R08,2026-07,Department of Sports: original cost,906.47,906.47,0.0,True,
R09,2026-07,Department of Sports: expenditure,577.32,577.32,0.0,True,
R07,2026-07,Department of Telecommunications: count,31.0,31.0,0.0,True,
R08,2026-07,Department of Telecommunications: original cost,207194.71,207194.71,0.0,True,
R09,2026-07,Department of Telecommunications: expenditure,102879.15,102879.15,0.0,True,
R07,2026-07,"Department of Water Resources, River Development & GR: count",38.0,38.0,0.0,True,
R08,2026-07,"Department of Water Resources, River Development & GR: original cost",100526.5,100526.5,0.0,True,
R09,2026-07,"Department of Water Resources, River Development & GR: expenditure",142168.88,142168.88,0.0,True,
R07,2026-07,Ministry of Civil Aviation: count,25.0,25.0,0.0,True,
R08,2026-07,Ministry of Civil Aviation: original cost,21345.07,21345.07,0.0,True,
R09,2026-07,Ministry of Civil Aviation: expenditure,11586.47,11586.47,0.0,True,
R07,2026-07,Ministry of Coal: count,121.0,121.0,0.0,True,
R08,2026-07,Ministry of Coal: original cost,222762.44,222762.44,0.0,True,
R09,2026-07,Ministry of Coal: expenditure,60237.44,60237.44,0.0,True,
R07,2026-07,Ministry of Health & Family Welfare: count,35.0,35.0,0.0,True,
R08,2026-07,Ministry of Health & Family Welfare: original cost,21050.26,21050.26,0.0,True,
R09,2026-07,Ministry of Health & Family Welfare: expenditure,10844.0,10844.0,0.0,True,
R07,2026-07,Ministry of Housing & Urban Affairs: count,50.0,50.0,0.0,True,
R08,2026-07,Ministry of Housing & Urban Affairs: original cost,359016.77,359016.77,0.0,True,
R09,2026-07,Ministry of Housing & Urban Affairs: expenditure,196836.79,196836.79,0.0,True,
R07,2026-07,Ministry of Labour and Employment: count,9.0,9.0,0.0,True,
R08,2026-07,Ministry of Labour and Employment: original cost,2299.24,2299.24,0.0,True,
R09,2026-07,Ministry of Labour and Employment: expenditure,1194.92,1194.92,0.0,True,
R07,2026-07,Ministry of Mines: count,6.0,6.0,0.0,True,
R08,2026-07,Ministry of Mines: original cost,8244.73,8244.73,0.0,True,
R09,2026-07,Ministry of Mines: expenditure,7499.78,7499.78,0.0,True,
R07,2026-07,Ministry of Petroleum & Natural Gas: count,103.0,103.0,0.0,True,
R08,2026-07,Ministry of Petroleum & Natural Gas: original cost,387546.06,387546.06,0.0,True,
R09,2026-07,Ministry of Petroleum & Natural Gas: expenditure,227719.24,227719.24,0.0,True,
R07,2026-07,"Ministry of Ports, Shipping and Waterways: count",6.0,6.0,0.0,True,
R08,2026-07,"Ministry of Ports, Shipping and Waterways: original cost",13514.68,13514.68,0.0,True,
R09,2026-07,"Ministry of Ports, Shipping and Waterways: expenditure",10089.34,10089.34,0.0,True,
R07,2026-07,Ministry of Power: count,98.0,98.0,0.0,True,
R08,2026-07,Ministry of Power: original cost,551905.87,551905.87,0.0,True,
R09,2026-07,Ministry of Power: expenditure,210405.11,210405.11,0.0,True,
R07,2026-07,Ministry of Railways: count,190.0,190.0,0.0,True,
R08,2026-07,Ministry of Railways: original cost,465721.36,465721.36,0.0,True,
R09,2026-07,Ministry of Railways: expenditure,459390.96,459390.96,0.0,True,
R07,2026-07,Ministry of Road Transport & Highways: count,993.0,993.0,0.0,True,
R08,2026-07,Ministry of Road Transport & Highways: original cost,945370.67,945370.67,0.0,True,
R09,2026-07,Ministry of Road Transport & Highways: expenditure,460544.81,460544.81,0.0,True,
R07,2026-07,Ministry of Steel: count,27.0,27.0,0.0,True,
R08,2026-07,Ministry of Steel: original cost,26324.69,26324.69,0.0,True,
R09,2026-07,Ministry of Steel: expenditure,13168.93,13168.93,0.0,True,
R10,2026-07,Ministry of Civil Aviation / Aviation & Aviation Infrastructure: 'Total (n)' count,25.0,25.0,0.0,True,
R11,2026-07,Ministry of Civil Aviation / Aviation & Aviation Infrastructure: original cost,21345.07,21345.07,0.0,True,
R12,2026-07,Ministry of Civil Aviation / Aviation & Aviation Infrastructure: expenditure,11586.47,11586.47,0.0,True,
R10,2026-07,Ministry of Coal / Coal: 'Total (n)' count,113.0,113.0,0.0,True,
R11,2026-07,Ministry of Coal / Coal: original cost,182494.77,182494.77,0.0,True,
R12,2026-07,Ministry of Coal / Coal: expenditure,51305.23,51305.23,0.0,True,
R10,2026-07,Ministry of Coal / Electricity Generation: 'Total (n)' count,6.0,6.0,0.0,True,
R11,2026-07,Ministry of Coal / Electricity Generation: original cost,36781.81,36781.81,0.0,True,
R12,2026-07,Ministry of Coal / Electricity Generation: expenditure,6354.71,6354.71,0.0,True,
R10,2026-07,Ministry of Coal / Railways: 'Total (n)' count,2.0,2.0,0.0,True,
R11,2026-07,Ministry of Coal / Railways: original cost,3485.86,3485.86,0.0,True,
R12,2026-07,Ministry of Coal / Railways: expenditure,2577.5,2577.5,0.0,True,
R10,2026-07,Ministry of Power / Coal: 'Total (n)' count,2.0,2.0,0.0,True,
R11,2026-07,Ministry of Power / Coal: original cost,2083.0,2083.0,0.0,True,
R12,2026-07,Ministry of Power / Coal: expenditure,1063.43,1063.43,0.0,True,
R10,2026-07,Ministry of Power / Electricity Generation: 'Total (n)' count,33.0,33.0,0.0,True,
R11,2026-07,Ministry of Power / Electricity Generation: original cost,352432.05,352432.05,0.0,True,
R12,2026-07,Ministry of Power / Electricity Generation: expenditure,140445.0,140445.0,0.0,True,
R10,2026-07,Ministry of Power / Transmission & Distribution: 'Total (n)' count,63.0,63.0,0.0,True,
R11,2026-07,Ministry of Power / Transmission & Distribution: original cost,197390.82,197390.82,0.0,True,
R12,2026-07,Ministry of Power / Transmission & Distribution: expenditure,68896.68,68896.68,0.0,True,
R10,2026-07,Ministry of Housing & Urban Affairs / Construction: 'Total (n)' count,1.0,1.0,0.0,True,
R11,2026-07,Ministry of Housing & Urban Affairs / Construction: original cost,644.0,644.0,0.0,True,
R12,2026-07,Ministry of Housing & Urban Affairs / Construction: expenditure,188.69,188.69,0.0,True,
R10,2026-07,Ministry of Housing & Urban Affairs / Real Estate: 'Total (n)' count,4.0,4.0,0.0,True,
R11,2026-07,Ministry of Housing & Urban Affairs / Real Estate: original cost,33749.85,33749.85,0.0,True,
R12,2026-07,Ministry of Housing & Urban Affairs / Real Estate: expenditure,15090.75,15090.75,0.0,True,
R10,2026-07,Ministry of Housing & Urban Affairs / Urban Public Transport: 'Total (n)' count,30.0,30.0,0.0,True,
R11,2026-07,Ministry of Housing & Urban Affairs / Urban Public Transport: original cost,320872.37,320872.37,0.0,True,
R12,2026-07,Ministry of Housing & Urban Affairs / Urban Public Transport: expenditure,178627.24,178627.24,0.0,True,
R10,2026-07,Ministry of Housing & Urban Affairs / Waste & Water: 'Total (n)' count,15.0,15.0,0.0,True,
R11,2026-07,Ministry of Housing & Urban Affairs / Waste & Water: original cost,3750.55,3750.55,0.0,True,
R12,2026-07,Ministry of Housing & Urban Affairs / Waste & Water: expenditure,2930.11,2930.11,0.0,True,
R10,2026-07,Ministry of Mines / Construction: 'Total (n)' count,1.0,1.0,0.0,True,
R11,2026-07,Ministry of Mines / Construction: original cost,255.37,255.37,0.0,True,
R12,2026-07,Ministry of Mines / Construction: expenditure,98.94,98.94,0.0,True,
R10,2026-07,Ministry of Mines / Metals & Mining: 'Total (n)' count,5.0,5.0,0.0,True,
R11,2026-07,Ministry of Mines / Metals & Mining: original cost,7989.36,7989.36,0.0,True,
R12,2026-07,Ministry of Mines / Metals & Mining: expenditure,7400.84,7400.84,0.0,True,
R10,2026-07,Department of Higher Education / Education: 'Total (n)' count,30.0,30.0,0.0,True,
R11,2026-07,Department of Higher Education / Education: original cost,15165.68,15165.68,0.0,True,
R12,2026-07,Department of Higher Education / Education: expenditure,8632.49,8632.49,0.0,True,
R10,2026-07,Department of Sports / Education: 'Total (n)' count,1.0,1.0,0.0,True,
R11,2026-07,Department of Sports / Education: original cost,906.47,906.47,0.0,True,
R12,2026-07,Department of Sports / Education: expenditure,577.32,577.32,0.0,True,
R10,2026-07,Ministry of Petroleum & Natural Gas / Energy Storage: 'Total (n)' count,12.0,12.0,0.0,True,
R11,2026-07,Ministry of Petroleum & Natural Gas / Energy Storage: original cost,25151.96,25151.96,0.0,True,
R12,2026-07,Ministry of Petroleum & Natural Gas / Energy Storage: expenditure,23048.58,23048.58,0.0,True,
R10,2026-07,Ministry of Petroleum & Natural Gas / Oil & Gas: 'Total (n)' count,91.0,91.0,0.0,True,
R11,2026-07,Ministry of Petroleum & Natural Gas / Oil & Gas: original cost,362394.1,362394.1,0.0,True,
R12,2026-07,Ministry of Petroleum & Natural Gas / Oil & Gas: expenditure,204670.66,204670.66,0.0,True,
R10,2026-07,Ministry of Health & Family Welfare / Healthcare: 'Total (n)' count,35.0,35.0,0.0,True,
R11,2026-07,Ministry of Health & Family Welfare / Healthcare: original cost,21050.26,21050.26,0.0,True,
R12,2026-07,Ministry of Health & Family Welfare / Healthcare: expenditure,10844.0,10844.0,0.0,True,
R10,2026-07,Ministry of Labour and Employment / Healthcare: 'Total (n)' count,9.0,9.0,0.0,True,
R11,2026-07,Ministry of Labour and Employment / Healthcare: original cost,2299.24,2299.24,0.0,True,
R12,2026-07,Ministry of Labour and Employment / Healthcare: expenditure,1194.92,1194.92,0.0,True,
R10,2026-07,"Ministry of Ports, Shipping and Waterways / Inland Waterways: 'Total (n)' count",1.0,1.0,0.0,True,
R11,2026-07,"Ministry of Ports, Shipping and Waterways / Inland Waterways: original cost",5369.18,5369.18,0.0,True,
R12,2026-07,"Ministry of Ports, Shipping and Waterways / Inland Waterways: expenditure",4187.19,4187.19,0.0,True,
R10,2026-07,"Ministry of Ports, Shipping and Waterways / Shipping: 'Total (n)' count",4.0,4.0,0.0,True,
R11,2026-07,"Ministry of Ports, Shipping and Waterways / Shipping: original cost",7572.5,7572.5,0.0,True,
R12,2026-07,"Ministry of Ports, Shipping and Waterways / Shipping: expenditure",5245.77,5245.77,0.0,True,
R10,2026-07,"Ministry of Ports, Shipping and Waterways / Tourism, Hospitality & Wellness: 'Total (n)' count",1.0,1.0,0.0,True,
R11,2026-07,"Ministry of Ports, Shipping and Waterways / Tourism, Hospitality & Wellness: original cost",573.0,573.0,0.0,True,
R12,2026-07,"Ministry of Ports, Shipping and Waterways / Tourism, Hospitality & Wellness: expenditure",656.38,656.38,0.0,True,
R10,2026-07,Department for Promotion of Industry & Internal Trade / Logistics Infrastructure: 'Total (n)' count,1.0,1.0,0.0,True,
R11,2026-07,Department for Promotion of Industry & Internal Trade / Logistics Infrastructure: original cost,763.0,763.0,0.0,True,
R12,2026-07,Department for Promotion of Industry & Internal Trade / Logistics Infrastructure: expenditure,430.0,430.0,0.0,True,
R10,2026-07,Department for Promotion of Industry & Internal Trade / Real Estate: 'Total (n)' count,11.0,11.0,0.0,True,
R11,2026-07,Department for Promotion of Industry & Internal Trade / Real Estate: original cost,20480.02,20480.02,0.0,True,
R12,2026-07,Department for Promotion of Industry & Internal Trade / Real Estate: expenditure,1893.94,1893.94,0.0,True,
R10,2026-07,Ministry of Steel / Metals & Mining: 'Total (n)' count,1.0,1.0,0.0,True,
R11,2026-07,Ministry of Steel / Metals & Mining: original cost,1700.0,1700.0,0.0,True,
R12,2026-07,Ministry of Steel / Metals & Mining: expenditure,292.01,292.01,0.0,True,
R10,2026-07,Ministry of Steel / Steel: 'Total (n)' count,26.0,26.0,0.0,True,
R11,2026-07,Ministry of Steel / Steel: original cost,24624.69,24624.69,0.0,True,
R12,2026-07,Ministry of Steel / Steel: expenditure,12876.92,12876.92,0.0,True,
R10,2026-07,Ministry of Railways / Railways: 'Total (n)' count,190.0,190.0,0.0,True,
R11,2026-07,Ministry of Railways / Railways: original cost,465721.36,465721.36,0.0,True,
R12,2026-07,Ministry of Railways / Railways: expenditure,459390.96,459390.96,0.0,True,
R10,2026-07,Ministry of Road Transport & Highways / Roads & Highways: 'Total (n)' count,993.0,993.0,0.0,True,
R11,2026-07,Ministry of Road Transport & Highways / Roads & Highways: original cost,945370.67,945370.67,0.0,True,
R12,2026-07,Ministry of Road Transport & Highways / Roads & Highways: expenditure,460544.81,460544.81,0.0,True,
R10,2026-07,Department of Telecommunications / Telecommunication: 'Total (n)' count,31.0,31.0,0.0,True,
R11,2026-07,Department of Telecommunications / Telecommunication: original cost,207194.71,207194.71,0.0,True,
R12,2026-07,Department of Telecommunications / Telecommunication: expenditure,102879.15,102879.15,0.0,True,
R10,2026-07,"Department of Water Resources, River Development & GR / Waste & Water: 'Total (n)' count",8.0,8.0,0.0,True,
R11,2026-07,"Department of Water Resources, River Development & GR / Waste & Water: original cost",4039.12,4039.12,0.0,True,
R12,2026-07,"Department of Water Resources, River Development & GR / Waste & Water: expenditure",1658.37,1658.37,0.0,True,
R10,2026-07,"Department of Water Resources, River Development & GR / Water Resources: 'Total (n)' count",30.0,30.0,0.0,True,
R11,2026-07,"Department of Water Resources, River Development & GR / Water Resources: original cost",96487.38,96487.38,0.0,True,
R12,2026-07,"Department of Water Resources, River Development & GR / Water Resources: expenditure",140510.51,140510.51,0.0,True,
R13,2026-07,HML sector 'Roads & Highways': count,993.0,993.0,0.0,True,
R13,2026-07,HML sector 'Railways': count,192.0,192.0,0.0,True,
R13,2026-07,HML sector 'Urban Public Transport': count,30.0,30.0,0.0,True,
R13,2026-07,HML sector 'Aviation & Aviation Infrastructure': count,25.0,25.0,0.0,True,
R13,2026-07,HML sector 'Shipping': count,4.0,4.0,0.0,True,
R13,2026-07,HML sector 'Logistics Infrastructure': count,1.0,1.0,0.0,True,
R13,2026-07,HML sector 'Inland Waterways': count,1.0,1.0,0.0,True,
R13,2026-07,HML sector 'Oil & Gas': count,91.0,91.0,0.0,True,
R13,2026-07,HML sector 'Transmission & Distribution': count,63.0,63.0,0.0,True,
R13,2026-07,HML sector 'Electricity Generation': count,39.0,39.0,0.0,True,
R13,2026-07,HML sector 'Energy Storage': count,12.0,12.0,0.0,True,
R13,2026-07,HML sector 'Water Resources': count,30.0,30.0,0.0,True,
R13,2026-07,HML sector 'Waste & Water': count,23.0,23.0,0.0,True,
R13,2026-07,HML sector 'Telecommunication': count,31.0,31.0,0.0,True,
R13,2026-07,HML sector 'Healthcare': count,44.0,44.0,0.0,True,
R13,2026-07,HML sector 'Education': count,31.0,31.0,0.0,True,
R13,2026-07,HML sector 'Real Estate': count,15.0,15.0,0.0,True,
R13,2026-07,"HML sector 'Tourism, Hospitality & Wellness': count",1.0,1.0,0.0,True,
R13,2026-07,HML sector 'Coal': count,115.0,115.0,0.0,True,
R13,2026-07,HML sector 'Steel': count,26.0,26.0,0.0,True,
R13,2026-07,HML sector 'Metals & Mining': count,6.0,6.0,0.0,True,
R13,2026-07,HML sector 'Construction': count,2.0,2.0,0.0,True,
R14,2026-07,Table 3 rows = 'Commissioned during month',25.0,25.0,0.0,True,
R15,2026-07,Table 4 rows = 'Newly Added during month',36.0,36.0,0.0,True,
R16,2026-07,Table 5 (NER) rows = NER page 'Ongoing Projects',211.0,211.0,0.0,True,
R17,2026-07,No duplicate project codes,0.0,0.0,0.0,True,
R18,2026-07,No project row missing a code,0.0,0.0,0.0,True,
R19,2026-07,No project row missing ministry/sector,0.0,0.0,0.0,True,
R01,2026-08,Table 6 rows = overview 'Ongoing Projects',1731.0,1731.0,0.0,True,
R02,2026-08,Sum original cost = overview Original Cost (rounded),3071947.0,3071947.05,0.049999999813735485,True,
R03,2026-08,Sum expenditure = overview Expenditure (rounded),1632561.0,1632560.54,-0.4599999999627471,True,
R04,2026-08,Table 6 rows = Table 1 grand total count,1731.0,1731.0,0.0,True,
R05,2026-08,Sum original cost = Table 1 grand total,3071947.05,3071947.05,0.0,True,
R06,2026-08,Sum expenditure = Table 1 grand total,1632560.54,1632560.54,0.0,True,
R07,2026-08,Department for Promotion of Industry & Internal Trade: count,12.0,12.0,0.0,True,
R08,2026-08,Department for Promotion of Industry & Internal Trade: original cost,21243.02,21243.02,0.0,True,
R09,2026-08,Department for Promotion of Industry & Internal Trade: expenditure,2524.58,2524.58,0.0,True,
R07,2026-08,Department of Higher Education: count,31.0,31.0,0.0,True,
R08,2026-08,Department of Higher Education: original cost,15245.61,15245.61,0.0,True,
R09,2026-08,Department of Higher Education: expenditure,8348.85,8348.85,0.0,True,
R07,2026-08,Department of Sports: count,1.0,1.0,0.0,True,
R08,2026-08,Department of Sports: original cost,906.47,906.47,0.0,True,
R09,2026-08,Department of Sports: expenditure,577.32,577.32,0.0,True,
R07,2026-08,Department of Telecommunications: count,31.0,31.0,0.0,True,
R08,2026-08,Department of Telecommunications: original cost,158794.71,158794.71,0.0,True,
R09,2026-08,Department of Telecommunications: expenditure,64410.07,64410.07,0.0,True,
R07,2026-08,"Department of Water Resources, River Development & GR: count",38.0,38.0,0.0,True,
R08,2026-08,"Department of Water Resources, River Development & GR: original cost",100526.5,100526.5,0.0,True,
R09,2026-08,"Department of Water Resources, River Development & GR: expenditure",142728.99,142728.99,0.0,True,
R07,2026-08,Ministry of Civil Aviation: count,26.0,26.0,0.0,True,
R08,2026-08,Ministry of Civil Aviation: original cost,21825.13,21825.13,0.0,True,
R09,2026-08,Ministry of Civil Aviation: expenditure,11903.84,11903.84,0.0,True,
R07,2026-08,Ministry of Coal: count,122.0,122.0,0.0,True,
R08,2026-08,Ministry of Coal: original cost,223136.62,223136.62,0.0,True,
R09,2026-08,Ministry of Coal: expenditure,57788.99,57788.99,0.0,True,
R07,2026-08,Ministry of Health & Family Welfare: count,24.0,24.0,0.0,True,
R08,2026-08,Ministry of Health & Family Welfare: original cost,18319.26,18319.26,0.0,True,
R09,2026-08,Ministry of Health & Family Welfare: expenditure,9637.14,9637.14,0.0,True,
R07,2026-08,Ministry of Housing & Urban Affairs: count,49.0,49.0,0.0,True,
R08,2026-08,Ministry of Housing & Urban Affairs: original cost,335880.77,335880.77,0.0,True,
R09,2026-08,Ministry of Housing & Urban Affairs: expenditure,162916.86,162916.86,0.0,True,
R07,2026-08,Ministry of Labour and Employment: count,9.0,9.0,0.0,True,
R08,2026-08,Ministry of Labour and Employment: original cost,2299.24,2299.24,0.0,True,
R09,2026-08,Ministry of Labour and Employment: expenditure,1249.55,1249.55,0.0,True,
R07,2026-08,Ministry of Mines: count,6.0,6.0,0.0,True,
R08,2026-08,Ministry of Mines: original cost,8244.73,8244.73,0.0,True,
R09,2026-08,Ministry of Mines: expenditure,7595.77,7595.77,0.0,True,
R07,2026-08,Ministry of Petroleum & Natural Gas: count,117.0,117.0,0.0,True,
R08,2026-08,Ministry of Petroleum & Natural Gas: original cost,405424.65,405424.65,0.0,True,
R09,2026-08,Ministry of Petroleum & Natural Gas: expenditure,230312.56,230312.56,0.0,True,
R07,2026-08,"Ministry of Ports, Shipping and Waterways: count",5.0,5.0,0.0,True,
R08,2026-08,"Ministry of Ports, Shipping and Waterways: original cost",8145.5,8145.5,0.0,True,
R09,2026-08,"Ministry of Ports, Shipping and Waterways: expenditure",6079.12,6079.12,0.0,True,
R07,2026-08,Ministry of Power: count,102.0,102.0,0.0,True,
R08,2026-08,Ministry of Power: original cost,561961.52,561961.52,0.0,True,
R09,2026-08,Ministry of Power: expenditure,216577.07,216577.07,0.0,True,
R07,2026-08,Ministry of Railways: count,147.0,147.0,0.0,True,
R08,2026-08,Ministry of Railways: original cost,225802.03,225802.03,0.0,True,
R09,2026-08,Ministry of Railways: expenditure,185840.1,185840.1,0.0,True,
R07,2026-08,Ministry of Road Transport & Highways: count,982.0,982.0,0.0,True,
R08,2026-08,Ministry of Road Transport & Highways: original cost,937452.25,937452.25,0.0,True,
R09,2026-08,Ministry of Road Transport & Highways: expenditure,510396.35,510396.35,0.0,True,
R07,2026-08,Ministry of Steel: count,29.0,29.0,0.0,True,
R08,2026-08,Ministry of Steel: original cost,26739.04,26739.04,0.0,True,
R09,2026-08,Ministry of Steel: expenditure,13673.38,13673.38,0.0,True,
R10,2026-08,Ministry of Civil Aviation / Aviation & Aviation Infrastructure: 'Total (n)' count,26.0,26.0,0.0,True,
R11,2026-08,Ministry of Civil Aviation / Aviation & Aviation Infrastructure: original cost,,21825.13,,,no official figure printed
R12,2026-08,Ministry of Civil Aviation / Aviation & Aviation Infrastructure: expenditure,11903.84,11903.84,0.0,True,
R10,2026-08,Ministry of Coal / Coal: 'Total (n)' count,114.0,114.0,0.0,True,
R11,2026-08,Ministry of Coal / Coal: original cost,,182868.95,,,no official figure printed
R12,2026-08,Ministry of Coal / Coal: expenditure,48745.33,48745.33,0.0,True,
R10,2026-08,Ministry of Coal / Electricity Generation: 'Total (n)' count,6.0,6.0,0.0,True,
R11,2026-08,Ministry of Coal / Electricity Generation: original cost,,36781.81,,,no official figure printed
R12,2026-08,Ministry of Coal / Electricity Generation: expenditure,6466.16,6466.16,0.0,True,
R10,2026-08,Ministry of Coal / Railways: 'Total (n)' count,2.0,2.0,0.0,True,
R11,2026-08,Ministry of Coal / Railways: original cost,,3485.86,,,no official figure printed
R12,2026-08,Ministry of Coal / Railways: expenditure,2577.5,2577.5,0.0,True,
R10,2026-08,Ministry of Power / Coal: 'Total (n)' count,2.0,2.0,0.0,True,
R11,2026-08,Ministry of Power / Coal: original cost,,2083.0,,,no official figure printed
R12,2026-08,Ministry of Power / Coal: expenditure,1071.32,1071.32,0.0,True,
R10,2026-08,Ministry of Power / Electricity Generation: 'Total (n)' count,33.0,33.0,0.0,True,
R11,2026-08,Ministry of Power / Electricity Generation: original cost,,352432.05,,,no official figure printed
R12,2026-08,Ministry of Power / Electricity Generation: expenditure,143353.23,143353.23,0.0,True,
R10,2026-08,Ministry of Power / Transmission & Distribution: 'Total (n)' count,67.0,67.0,0.0,True,
R11,2026-08,Ministry of Power / Transmission & Distribution: original cost,,207446.47,,,no official figure printed
R12,2026-08,Ministry of Power / Transmission & Distribution: expenditure,72152.52,72152.52,0.0,True,
R10,2026-08,Ministry of Housing & Urban Affairs / Construction: 'Total (n)' count,1.0,1.0,0.0,True,
R11,2026-08,Ministry of Housing & Urban Affairs / Construction: original cost,,644.0,,,no official figure printed
R12,2026-08,Ministry of Housing & Urban Affairs / Construction: expenditure,206.31,206.31,0.0,True,
R10,2026-08,Ministry of Housing & Urban Affairs / Real Estate: 'Total (n)' count,4.0,4.0,0.0,True,
R11,2026-08,Ministry of Housing & Urban Affairs / Real Estate: original cost,,33749.85,,,no official figure printed
R12,2026-08,Ministry of Housing & Urban Affairs / Real Estate: expenditure,15093.97,15093.97,0.0,True,
R10,2026-08,Ministry of Housing & Urban Affairs / Urban Public Transport: 'Total (n)' count,29.0,29.0,0.0,True,
R11,2026-08,Ministry of Housing & Urban Affairs / Urban Public Transport: original cost,,297736.37,,,no official figure printed
R12,2026-08,Ministry of Housing & Urban Affairs / Urban Public Transport: expenditure,144664.19,144664.19,0.0,True,
R10,2026-08,Ministry of Housing & Urban Affairs / Waste & Water: 'Total (n)' count,15.0,15.0,0.0,True,
R11,2026-08,Ministry of Housing & Urban Affairs / Waste & Water: original cost,,3750.55,,,no official figure printed
R12,2026-08,Ministry of Housing & Urban Affairs / Waste & Water: expenditure,2952.39,2952.39,0.0,True,
R10,2026-08,Ministry of Mines / Construction: 'Total (n)' count,1.0,1.0,0.0,True,
R11,2026-08,Ministry of Mines / Construction: original cost,,255.37,,,no official figure printed
R12,2026-08,Ministry of Mines / Construction: expenditure,98.96,98.96,0.0,True,
R10,2026-08,Ministry of Mines / Metals & Mining: 'Total (n)' count,5.0,5.0,0.0,True,
R11,2026-08,Ministry of Mines / Metals & Mining: original cost,,7989.36,,,no official figure printed
R12,2026-08,Ministry of Mines / Metals & Mining: expenditure,7496.81,7496.81,0.0,True,
R10,2026-08,Department of Higher Education / Education: 'Total (n)' count,31.0,31.0,0.0,True,
R11,2026-08,Department of Higher Education / Education: original cost,,15245.61,,,no official figure printed
R12,2026-08,Department of Higher Education / Education: expenditure,8348.85,8348.85,0.0,True,
R10,2026-08,Department of Sports / Education: 'Total (n)' count,1.0,1.0,0.0,True,
R11,2026-08,Department of Sports / Education: original cost,,906.47,,,no official figure printed
R12,2026-08,Department of Sports / Education: expenditure,577.32,577.32,0.0,True,
R10,2026-08,Ministry of Petroleum & Natural Gas / Energy Storage: 'Total (n)' count,13.0,13.0,0.0,True,
R11,2026-08,Ministry of Petroleum & Natural Gas / Energy Storage: original cost,,25585.08,,,no official figure printed
R12,2026-08,Ministry of Petroleum & Natural Gas / Energy Storage: expenditure,23358.06,23358.06,0.0,True,
R10,2026-08,Ministry of Petroleum & Natural Gas / Oil & Gas: 'Total (n)' count,104.0,104.0,0.0,True,
R11,2026-08,Ministry of Petroleum & Natural Gas / Oil & Gas: original cost,,379839.57,,,no official figure printed
R12,2026-08,Ministry of Petroleum & Natural Gas / Oil & Gas: expenditure,206954.5,206954.5,0.0,True,
R10,2026-08,Ministry of Health & Family Welfare / Healthcare: 'Total (n)' count,24.0,24.0,0.0,True,
R11,2026-08,Ministry of Health & Family Welfare / Healthcare: original cost,,18319.26,,,no official figure printed
R12,2026-08,Ministry of Health & Family Welfare / Healthcare: expenditure,9637.14,9637.14,0.0,True,
R10,2026-08,Ministry of Labour and Employment / Healthcare: 'Total (n)' count,9.0,9.0,0.0,True,
R11,2026-08,Ministry of Labour and Employment / Healthcare: original cost,,2299.24,,,no official figure printed
R12,2026-08,Ministry of Labour and Employment / Healthcare: expenditure,1249.55,1249.55,0.0,True,
R10,2026-08,Department for Promotion of Industry & Internal Trade / Logistics Infrastructure: 'Total (n)' count,1.0,1.0,0.0,True,
R11,2026-08,Department for Promotion of Industry & Internal Trade / Logistics Infrastructure: original cost,,763.0,,,no official figure printed
R12,2026-08,Department for Promotion of Industry & Internal Trade / Logistics Infrastructure: expenditure,430.0,430.0,0.0,True,
R10,2026-08,Department for Promotion of Industry & Internal Trade / Real Estate: 'Total (n)' count,11.0,11.0,0.0,True,
R11,2026-08,Department for Promotion of Industry & Internal Trade / Real Estate: original cost,,20480.02,,,no official figure printed
R12,2026-08,Department for Promotion of Industry & Internal Trade / Real Estate: expenditure,2094.58,2094.58,0.0,True,
R10,2026-08,Ministry of Steel / Metals & Mining: 'Total (n)' count,3.0,3.0,0.0,True,
R11,2026-08,Ministry of Steel / Metals & Mining: original cost,,2114.35,,,no official figure printed
R12,2026-08,Ministry of Steel / Metals & Mining: expenditure,309.8,309.8,0.0,True,
R10,2026-08,Ministry of Steel / Steel: 'Total (n)' count,26.0,26.0,0.0,True,
R11,2026-08,Ministry of Steel / Steel: original cost,,24624.69,,,no official figure printed
R12,2026-08,Ministry of Steel / Steel: expenditure,13363.58,13363.58,0.0,True,
R10,2026-08,Ministry of Railways / Railways: 'Total (n)' count,147.0,147.0,0.0,True,
R11,2026-08,Ministry of Railways / Railways: original cost,,225802.03,,,no official figure printed
R12,2026-08,Ministry of Railways / Railways: expenditure,185840.1,185840.1,0.0,True,
R10,2026-08,Ministry of Road Transport & Highways / Roads & Highways: 'Total (n)' count,982.0,982.0,0.0,True,
R11,2026-08,Ministry of Road Transport & Highways / Roads & Highways: original cost,,937452.25,,,no official figure printed
R12,2026-08,Ministry of Road Transport & Highways / Roads & Highways: expenditure,510396.35,510396.35,0.0,True,
R10,2026-08,"Ministry of Ports, Shipping and Waterways / Shipping: 'Total (n)' count",4.0,4.0,0.0,True,
R11,2026-08,"Ministry of Ports, Shipping and Waterways / Shipping: original cost",,7572.5,,,no official figure printed
R12,2026-08,"Ministry of Ports, Shipping and Waterways / Shipping: expenditure",5404.77,5404.77,0.0,True,
R10,2026-08,"Ministry of Ports, Shipping and Waterways / Tourism, Hospitality & Wellness: 'Total (n)' count",1.0,1.0,0.0,True,
R11,2026-08,"Ministry of Ports, Shipping and Waterways / Tourism, Hospitality & Wellness: original cost",,573.0,,,no official figure printed
R12,2026-08,"Ministry of Ports, Shipping and Waterways / Tourism, Hospitality & Wellness: expenditure",674.35,674.35,0.0,True,
R10,2026-08,Department of Telecommunications / Telecommunication: 'Total (n)' count,31.0,31.0,0.0,True,
R11,2026-08,Department of Telecommunications / Telecommunication: original cost,,158794.71,,,no official figure printed
R12,2026-08,Department of Telecommunications / Telecommunication: expenditure,64410.07,64410.07,0.0,True,
R10,2026-08,"Department of Water Resources, River Development & GR / Waste & Water: 'Total (n)' count",8.0,8.0,0.0,True,
R11,2026-08,"Department of Water Resources, River Development & GR / Waste & Water: original cost",,4039.12,,,no official figure printed
R12,2026-08,"Department of Water Resources, River Development & GR / Waste & Water: expenditure",1833.61,1833.61,0.0,True,
R10,2026-08,"Department of Water Resources, River Development & GR / Water Resources: 'Total (n)' count",30.0,30.0,0.0,True,
R11,2026-08,"Department of Water Resources, River Development & GR / Water Resources: original cost",,96487.38,,,no official figure printed
R12,2026-08,"Department of Water Resources, River Development & GR / Water Resources: expenditure",140895.38,140895.38,0.0,True,
R13,2026-08,HML sector 'Roads & Highways': count,982.0,982.0,0.0,True,
R13,2026-08,HML sector 'Railways': count,149.0,149.0,0.0,True,
R13,2026-08,HML sector 'Urban Public Transport': count,29.0,29.0,0.0,True,
R13,2026-08,HML sector 'Aviation & Aviation Infrastructure': count,26.0,26.0,0.0,True,
R13,2026-08,HML sector 'Shipping': count,4.0,4.0,0.0,True,
R13,2026-08,HML sector 'Logistics Infrastructure': count,1.0,1.0,0.0,True,
R13,2026-08,HML sector 'Oil & Gas': count,104.0,104.0,0.0,True,
R13,2026-08,HML sector 'Transmission & Distribution': count,67.0,67.0,0.0,True,
R13,2026-08,HML sector 'Electricity Generation': count,39.0,39.0,0.0,True,
R13,2026-08,HML sector 'Energy Storage': count,13.0,13.0,0.0,True,
R13,2026-08,HML sector 'Water Resources': count,30.0,30.0,0.0,True,
R13,2026-08,HML sector 'Waste & Water': count,23.0,23.0,0.0,True,
R13,2026-08,HML sector 'Telecommunication': count,31.0,31.0,0.0,True,
R13,2026-08,HML sector 'Healthcare': count,33.0,33.0,0.0,True,
R13,2026-08,HML sector 'Education': count,32.0,32.0,0.0,True,
R13,2026-08,HML sector 'Real Estate': count,15.0,15.0,0.0,True,
R13,2026-08,"HML sector 'Tourism, Hospitality & Wellness': count",1.0,1.0,0.0,True,
R13,2026-08,HML sector 'Coal': count,116.0,116.0,0.0,True,
R13,2026-08,HML sector 'Steel': count,26.0,26.0,0.0,True,
R13,2026-08,HML sector 'Metals & Mining': count,8.0,8.0,0.0,True,
R13,2026-08,HML sector 'Construction': count,2.0,2.0,0.0,True,
R14,2026-08,Table 3 rows = 'Commissioned during month',47.0,47.0,0.0,True,
R15,2026-08,Table 4 rows = 'Newly Added during month',37.0,37.0,0.0,True,
R16,2026-08,Table 5 (NER) rows = NER page 'Ongoing Projects',209.0,209.0,0.0,True,
R17,2026-08,No duplicate project codes,0.0,0.0,0.0,True,
R18,2026-08,No project row missing a code,0.0,0.0,0.0,True,
R19,2026-08,No project row missing ministry/sector,0.0,0.0,0.0,True,
