source_month,note_index,note
2026-04,1,"Projects with ids 618051, 618307, 619065, 619113 and 618816 are not published in the current month Flash Report due to inconsistency in Cumulative Expenditure and will be published when the data will be rectified."
2026-04,2,"Projects with Revised Cost Less than Rs. 150 cr may or may not be correct, the data is under reconciliation."
2026-05,1,"Projects with ids 618051, 618307, 619065, 619113 and 618816 are not published in the current month Flash Report due to inconsistency in Cumulative Expenditure and will be published when the data will be rectified."
2026-05,2,"Projects with Revised Cost Less than Rs. 150 cr may or may not be correct, the data is under reconciliation."
2026-06,1,"The projects with IDs 617933, 617917, 617944, 617957, 617981, 617993, 617977, 617982, 618006, 618007, 618046, 618062, 618090, 618136, 618144, 618181, 618167, 618192, 618208, 618220, 618229, 618342, 618343, and 618432 have not been published in the current month's Flash Report due to inconsistencies in the Cumulative Expenditure data and will be published once the data is rectified."
2026-07,1,"The completed projects with IDs 617933, 617917, 617944, 617957, 617977, 618006, 618007, 618046, 618062, 618090, 618144, 618181,618167, 618192, 618208, 618220, 618229, 618005, 618023, 618165 and 618179 have not been published in the current month's Flash Report due to inconsistencies in the Cumulative Expenditure data, and they will be published once the data is rectified."
2026-07,2,"Project ID 706775 has been split into 26 sub-projects, including the original project. Currently, 20 projects (1 Original+ 19 sub-projects) are available (706775, 976009, 240484, 914467, 476006, 124199, 437130, 660056, 108841, 462136, 175860, 317725, 171218, 938832, 946208, 665021, 222253, 708687, 210914, and 547243), while the remaining 6 sub-projects will be onboarded later."
2026-07,3,"Projects with Revised Cost Less than Rs. 150 cr may or may not be correct, the data is under reconciliation."
2026-08,1,"Projects with Revised Cost Less than Rs. 150 cr may or may not be correct, the data is under reconciliation."
2026-08,2,"PAIMANA is currently in the process of API integration with the Indian Railways Projects Sanctions & Management (IRPSM) system, Ministry of Railways to fetch the latest data of ongoing central infrastructure projects. For data Sanctity, Projects are on-boarded onto the PAIMANA portal after being mapped and vetted by the Ministry of Railways."
2026-08,3,"The Flash Report covers selected categories and infrastructure subsectors from the DEA’s Harmonized Master List (HML), based on data reported by the concerned Line Ministries/Departments. It does not cover the entire HML and should be interpreted in the context of its coverage and data reported."
